SET FOREIGN_KEY_CHECKS = 0;

--
-- Table structure for table `marc_indicators`
--

CREATE TABLE IF NOT EXISTS `marc_indicators` (
  `id_indicator` int(11) unsigned NOT NULL auto_increment,
  `frameworkcode` varchar(4) default NULL,
  `tagfield` varchar(3) NOT NULL default '',
  `authtypecode` varchar(10) default NULL,
  PRIMARY KEY  (`id_indicator`),
  UNIQUE KEY `framework_auth_code` (`frameworkcode`,`authtypecode`,`tagfield`),
  CONSTRAINT `marc_indicators_ibfk_1` FOREIGN KEY (`frameworkcode`) REFERENCES `biblio_framework` (`frameworkcode`) ON DELETE CASCADE,
  CONSTRAINT `marc_indicators_ibfk_2` FOREIGN KEY (`authtypecode`) REFERENCES `auth_types` (`authtypecode`) ON DELETE CASCADE
) ENGINE=InnoDB DEFAULT CHARSET=utf8;


--
-- Table structure for table `marc_indicators_values`
--

CREATE TABLE IF NOT EXISTS `marc_indicators_values` (
  `ind_value` char(1) NOT NULL default '',
  PRIMARY KEY  (`ind_value`)
) ENGINE=InnoDB DEFAULT CHARSET=utf8;


TRUNCATE `marc_indicators_values`;

INSERT IGNORE INTO `marc_indicators_values` VALUES (''),('0'),('1'),('2'),('3'),('4'),('5'),('6'),('7'),('8'),('9'),('a'),('b'),('c'),('d'),('e'),('f'),('g'),('h'),('i'),('j'),('k'),('l'),('m'),('n'),('o'),('p'),('q'),('r'),('s'),('t'),('u'),('v'),('w'),('x'),('y'),('z');


--
-- Table structure for table `marc_indicators_value`
--

CREATE TABLE IF NOT EXISTS `marc_indicators_value` (
  `id_indicator_value` int(11) unsigned NOT NULL auto_increment,
  `id_indicator` int(11) unsigned NOT NULL,
  `ind` enum('1','2') NOT NULL,
  `ind_value` char(1) NOT NULL,
  PRIMARY KEY  (`id_indicator_value`),
  KEY `id_indicator` (`id_indicator`),
  KEY `ind_value` (`ind_value`),
  CONSTRAINT `marc_indicators_value_ibfk_2` FOREIGN KEY (`ind_value`) REFERENCES `marc_indicators_values` (`ind_value`) ON DELETE CASCADE,
  CONSTRAINT `marc_indicators_value_ibfk_1` FOREIGN KEY (`id_indicator`) REFERENCES `marc_indicators` (`id_indicator`) ON DELETE CASCADE
) ENGINE=InnoDB DEFAULT CHARSET=utf8;


--
-- Table structure for table `marc_indicators_desc`
--

CREATE TABLE IF NOT EXISTS `marc_indicators_desc` (
  `id_indicator_value` int(11) unsigned NOT NULL,
  `lang` varchar(25) NOT NULL default 'en',
  `ind_desc` mediumtext,
  PRIMARY KEY  (`id_indicator_value`,`lang`),
  KEY `lang` (`lang`),
  CONSTRAINT `marc_indicators_desc_ibfk_2` FOREIGN KEY (`lang`) REFERENCES `language_descriptions` (`lang`) ON DELETE CASCADE,
  CONSTRAINT `marc_indicators_desc_ibfk_1` FOREIGN KEY (`id_indicator_value`) REFERENCES `marc_indicators_value` (`id_indicator_value`) ON DELETE CASCADE
) ENGINE=InnoDB DEFAULT CHARSET=utf8;


-- ******************************************
-- Values for Indicators for Default Framework
-- ******************************************

TRUNCATE `marc_indicators_desc`;
TRUNCATE `marc_indicators_value`;
TRUNCATE `marc_indicators`;


--
-- Dumping data for table marc_indicators
--

LOCK TABLES marc_indicators WRITE;
/*!40000 ALTER TABLE marc_indicators DISABLE KEYS */;
INSERT INTO marc_indicators VALUES (325,'','010',NULL),(326,'','013',NULL),(327,'','015',NULL),(328,'','016',NULL),(329,'','017',NULL),(330,'','018',NULL),(331,'','020',NULL),(332,'','022',NULL),(333,'','024',NULL),(334,'','025',NULL),(335,'','026',NULL),(336,'','027',NULL),(337,'','028',NULL),(338,'','030',NULL),(339,'','031',NULL),(340,'','032',NULL),(341,'','033',NULL),(342,'','034',NULL),(343,'','035',NULL),(344,'','036',NULL),(345,'','037',NULL),(346,'','038',NULL),(347,'','040',NULL),(348,'','041',NULL),(349,'','042',NULL),(350,'','043',NULL),(351,'','044',NULL),(352,'','045',NULL),(353,'','046',NULL),(354,'','047',NULL),(355,'','048',NULL),(356,'','050',NULL),(357,'','051',NULL),(358,'','052',NULL),(359,'','055',NULL),(360,'','060',NULL),(361,'','061',NULL),(362,'','066',NULL),(363,'','070',NULL),(364,'','071',NULL),(365,'','072',NULL),(366,'','074',NULL),(367,'','080',NULL),(368,'','082',NULL),(369,'','083',NULL),(370,'','084',NULL),(371,'','085',NULL),(372,'','086',NULL),(373,'','088',NULL),(374,'','100',NULL),(375,'','110',NULL),(376,'','111',NULL),(377,'','130',NULL),(378,'','210',NULL),(379,'','222',NULL),(380,'','240',NULL),(381,'','242',NULL),(382,'','243',NULL),(383,'','245',NULL),(384,'','246',NULL),(385,'','247',NULL),(386,'','250',NULL),(387,'','254',NULL),(388,'','255',NULL),(389,'','256',NULL),(390,'','257',NULL),(391,'','258',NULL),(392,'','260',NULL),(393,'','263',NULL),(394,'','264',NULL),(395,'','270',NULL),(396,'','300',NULL),(397,'','306',NULL),(398,'','307',NULL),(399,'','310',NULL),(400,'','321',NULL),(401,'','336',NULL),(402,'','337',NULL),(403,'','338',NULL),(404,'','340',NULL),(405,'','342',NULL),(406,'','343',NULL),(407,'','344',NULL),(408,'','345',NULL),(409,'','346',NULL),(410,'','347',NULL),(411,'','351',NULL),(412,'','352',NULL),(413,'','355',NULL),(414,'','357',NULL),(415,'','362',NULL),(416,'','363',NULL),(417,'','365',NULL),(418,'','366',NULL),(419,'','377',NULL),(420,'','380',NULL),(421,'','381',NULL),(422,'','382',NULL),(423,'','383',NULL),(424,'','384',NULL),(425,'','490',NULL),(426,'','500',NULL),(427,'','501',NULL),(428,'','502',NULL),(429,'','504',NULL),(430,'','505',NULL),(431,'','506',NULL),(432,'','507',NULL),(433,'','508',NULL),(434,'','510',NULL),(435,'','511',NULL),(436,'','513',NULL),(437,'','514',NULL),(438,'','515',NULL),(439,'','516',NULL),(440,'','518',NULL),(441,'','520',NULL),(442,'','521',NULL),(443,'','522',NULL),(444,'','524',NULL),(445,'','525',NULL),(446,'','526',NULL),(447,'','530',NULL),(448,'','533',NULL),(449,'','534',NULL),(450,'','535',NULL),(451,'','536',NULL),(452,'','538',NULL),(453,'','540',NULL),(454,'','541',NULL),(455,'','542',NULL),(456,'','544',NULL),(457,'','545',NULL),(458,'','546',NULL),(459,'','547',NULL),(460,'','550',NULL),(461,'','552',NULL),(462,'','555',NULL),(463,'','556',NULL),(464,'','561',NULL),(465,'','562',NULL),(466,'','563',NULL),(467,'','565',NULL),(468,'','567',NULL),(469,'','580',NULL),(470,'','581',NULL),(471,'','583',NULL),(472,'','584',NULL),(473,'','585',NULL),(474,'','586',NULL),(475,'','588',NULL),(476,'','600',NULL),(477,'','610',NULL),(478,'','611',NULL),(479,'','630',NULL),(480,'','648',NULL),(481,'','650',NULL),(482,'','651',NULL),(483,'','653',NULL),(484,'','654',NULL),(485,'','655',NULL),(486,'','656',NULL),(487,'','657',NULL),(488,'','658',NULL),(489,'','662',NULL),(490,'','700',NULL),(491,'','710',NULL),(492,'','711',NULL),(493,'','720',NULL),(494,'','730',NULL),(495,'','740',NULL),(496,'','751',NULL),(497,'','752',NULL),(498,'','753',NULL),(499,'','754',NULL),(500,'','760',NULL),(501,'','762',NULL),(502,'','765',NULL),(503,'','767',NULL),(504,'','770',NULL),(505,'','772',NULL),(506,'','773',NULL),(507,'','774',NULL),(508,'','775',NULL),(509,'','776',NULL),(510,'','777',NULL),(511,'','780',NULL),(512,'','785',NULL),(513,'','786',NULL),(514,'','787',NULL),(515,'','800',NULL),(516,'','810',NULL),(517,'','811',NULL),(518,'','830',NULL),(519,'','841',NULL),(520,'','842',NULL),(521,'','843',NULL),(522,'','844',NULL),(523,'','845',NULL),(524,'','850',NULL),(525,'','852',NULL),(526,'','853',NULL),(527,'','854',NULL),(528,'','855',NULL),(529,'','856',NULL),(530,'','863',NULL),(531,'','864',NULL),(532,'','865',NULL),(533,'','866',NULL),(534,'','867',NULL),(535,'','868',NULL),(536,'','876',NULL),(537,'','877',NULL),(538,'','878',NULL),(539,'','882',NULL),(540,'','886',NULL),(541,'','887',NULL),(209,NULL,'010',''),(210,NULL,'014',''),(211,NULL,'016',''),(212,NULL,'020',''),(213,NULL,'022',''),(214,NULL,'024',''),(215,NULL,'031',''),(216,NULL,'034',''),(217,NULL,'035',''),(218,NULL,'040',''),(219,NULL,'042',''),(220,NULL,'043',''),(221,NULL,'045',''),(222,NULL,'046',''),(223,NULL,'050',''),(224,NULL,'052',''),(225,NULL,'053',''),(226,NULL,'055',''),(227,NULL,'060',''),(228,NULL,'065',''),(229,NULL,'066',''),(230,NULL,'070',''),(231,NULL,'072',''),(232,NULL,'073',''),(233,NULL,'080',''),(234,NULL,'082',''),(235,NULL,'083',''),(236,NULL,'086',''),(237,NULL,'087',''),(238,NULL,'100',''),(239,NULL,'110',''),(240,NULL,'111',''),(241,NULL,'130',''),(242,NULL,'148',''),(243,NULL,'150',''),(244,NULL,'151',''),(245,NULL,'155',''),(246,NULL,'180',''),(247,NULL,'181',''),(248,NULL,'182',''),(249,NULL,'185',''),(250,NULL,'260',''),(251,NULL,'336',''),(252,NULL,'360',''),(253,NULL,'370',''),(254,NULL,'371',''),(255,NULL,'372',''),(256,NULL,'373',''),(257,NULL,'374',''),(258,NULL,'375',''),(259,NULL,'376',''),(260,NULL,'377',''),(261,NULL,'380',''),(262,NULL,'381',''),(263,NULL,'382',''),(264,NULL,'383',''),(265,NULL,'384',''),(266,NULL,'400',''),(267,NULL,'410',''),(268,NULL,'411',''),(269,NULL,'430',''),(270,NULL,'448',''),(272,NULL,'450',''),(273,NULL,'451',''),(274,NULL,'455',''),(275,NULL,'480',''),(276,NULL,'481',''),(277,NULL,'482',''),(278,NULL,'485',''),(271,NULL,'488',''),(279,NULL,'500',''),(280,NULL,'510',''),(281,NULL,'511',''),(282,NULL,'530',''),(283,NULL,'548',''),(284,NULL,'550',''),(285,NULL,'551',''),(286,NULL,'555',''),(287,NULL,'580',''),(288,NULL,'581',''),(289,NULL,'582',''),(290,NULL,'585',''),(291,NULL,'640',''),(292,NULL,'641',''),(293,NULL,'642',''),(294,NULL,'643',''),(295,NULL,'644',''),(296,NULL,'645',''),(297,NULL,'646',''),(298,NULL,'663',''),(299,NULL,'664',''),(300,NULL,'665',''),(301,NULL,'666',''),(302,NULL,'667',''),(303,NULL,'670',''),(304,NULL,'675',''),(305,NULL,'678',''),(306,NULL,'680',''),(307,NULL,'681',''),(308,NULL,'682',''),(309,NULL,'688',''),(310,NULL,'700',''),(311,NULL,'710',''),(312,NULL,'711',''),(313,NULL,'730',''),(314,NULL,'748',''),(315,NULL,'750',''),(316,NULL,'751',''),(317,NULL,'755',''),(318,NULL,'780',''),(319,NULL,'781',''),(320,NULL,'782',''),(321,NULL,'785',''),(322,NULL,'788',''),(323,NULL,'856',''),(324,NULL,'880','');
/*!40000 ALTER TABLE marc_indicators ENABLE KEYS */;
UNLOCK TABLES;


--
-- Dumping data for table marc_indicators_value
--


LOCK TABLES marc_indicators_value WRITE;
/*!40000 ALTER TABLE marc_indicators_value DISABLE KEYS */;
INSERT INTO marc_indicators_value VALUES (1894,325,'1',''),(1895,325,'2',''),(1896,326,'1',''),(1897,326,'2',''),(1898,327,'1',''),(1899,327,'2',''),(1900,328,'1',''),(1901,328,'2',''),(1902,328,'1','7'),(1903,329,'1',''),(1904,329,'2',''),(1905,329,'2','8'),(1906,330,'1',''),(1907,330,'2',''),(1908,331,'1',''),(1909,331,'2',''),(1910,332,'1',''),(1911,332,'2',''),(1912,332,'1','0'),(1913,332,'1','1'),(1914,333,'1','0'),(1915,333,'2',''),(1916,333,'1','1'),(1917,333,'2','0'),(1918,333,'1','2'),(1919,333,'2','1'),(1920,333,'1','3'),(1921,333,'1','4'),(1922,333,'1','7'),(1923,333,'1','8'),(1924,334,'1',''),(1925,334,'2',''),(1926,335,'1',''),(1927,335,'2',''),(1928,336,'1',''),(1929,336,'2',''),(1930,337,'1','0'),(1931,337,'2','0'),(1932,337,'1','1'),(1933,337,'2','1'),(1934,337,'1','2'),(1935,337,'2','2'),(1936,337,'1','3'),(1937,337,'2','3'),(1938,337,'1','4'),(1939,337,'1','5'),(1940,338,'1',''),(1941,338,'2',''),(1942,339,'1',''),(1943,339,'2',''),(1944,340,'1',''),(1945,340,'2',''),(1946,341,'1',''),(1947,341,'2',''),(1948,341,'1','0'),(1949,341,'2','0'),(1950,341,'1','1'),(1951,341,'2','1'),(1952,341,'1','2'),(1953,341,'2','2'),(1954,342,'1','0'),(1955,342,'2',''),(1956,342,'1','1'),(1957,342,'2','0'),(1958,342,'1','3'),(1959,342,'2','1'),(1960,343,'1',''),(1961,343,'2',''),(1962,344,'1',''),(1963,344,'2',''),(1964,345,'1',''),(1965,345,'2',''),(1966,346,'1',''),(1967,346,'2',''),(1968,347,'1',''),(1969,347,'2',''),(1970,348,'1',''),(1971,348,'2',''),(1972,348,'1','0'),(1973,348,'2','7'),(1974,348,'1','1'),(1975,349,'1',''),(1976,349,'2',''),(1977,350,'1',''),(1978,350,'2',''),(1979,351,'1',''),(1980,351,'2',''),(1981,352,'1',''),(1982,352,'2',''),(1983,352,'1','0'),(1984,352,'1','1'),(1985,352,'1','2'),(1986,353,'1',''),(1987,353,'2',''),(1988,354,'1',''),(1989,354,'2',''),(1990,354,'2','7'),(1991,355,'1',''),(1992,355,'2',''),(1993,355,'2','7'),(1994,356,'1',''),(1995,356,'2','0'),(1996,356,'1','0'),(1997,356,'2','4'),(1998,356,'1','1'),(1999,357,'1',''),(2000,357,'2',''),(2001,358,'1',''),(2002,358,'2',''),(2003,358,'1','1'),(2004,358,'1','7'),(2005,359,'1',''),(2006,359,'2','0'),(2007,359,'1','0'),(2008,359,'2','1'),(2009,359,'1','1'),(2010,359,'2','2'),(2011,359,'2','3'),(2012,359,'2','4'),(2013,359,'2','5'),(2014,359,'2','6'),(2015,359,'2','7'),(2016,359,'2','8'),(2017,359,'2','9'),(2018,360,'1',''),(2019,360,'2','0'),(2020,360,'1','0'),(2021,360,'2','4'),(2022,360,'1','1'),(2023,361,'1',''),(2024,361,'2',''),(2025,362,'1',''),(2026,362,'2',''),(2027,363,'1','0'),(2028,363,'2',''),(2029,363,'1','1'),(2030,364,'1',''),(2031,364,'2',''),(2032,365,'1',''),(2033,365,'2','0'),(2034,365,'2','7'),(2035,366,'1',''),(2036,366,'2',''),(2037,367,'1',''),(2038,367,'2',''),(2039,367,'1','0'),(2040,367,'1','1'),(2041,368,'1','0'),(2042,368,'2',''),(2043,368,'1','1'),(2044,368,'2','0'),(2045,368,'1','7'),(2046,368,'2','4'),(2047,369,'1','0'),(2048,369,'2',''),(2049,369,'1','1'),(2050,369,'1','7'),(2051,370,'1',''),(2052,370,'2',''),(2053,371,'1',''),(2054,371,'2',''),(2055,372,'1',''),(2056,372,'2',''),(2057,372,'1','0'),(2058,372,'1','1'),(2059,373,'1',''),(2060,373,'2',''),(2061,374,'1','0'),(2062,374,'2',''),(2063,374,'1','1'),(2064,374,'1','3'),(2065,375,'1','0'),(2066,375,'2',''),(2067,375,'1','1'),(2068,375,'1','2'),(2069,376,'1','0'),(2070,376,'2',''),(2071,376,'1','1'),(2072,376,'1','2'),(2073,377,'1','0'),(2074,377,'2',''),(2075,377,'1','1'),(2076,377,'1','2'),(2077,377,'1','3'),(2078,377,'1','4'),(2079,377,'1','5'),(2080,377,'1','6'),(2081,377,'1','7'),(2082,377,'1','8'),(2083,377,'1','9'),(2084,378,'1','0'),(2085,378,'2',''),(2086,378,'1','1'),(2087,378,'2','0'),(2088,379,'1',''),(2089,379,'2','0'),(2090,379,'2','1'),(2091,379,'2','2'),(2092,379,'2','3'),(2093,379,'2','4'),(2094,379,'2','5'),(2095,379,'2','6'),(2096,379,'2','7'),(2097,379,'2','8'),(2098,379,'2','9'),(2099,380,'1','0'),(2100,380,'2','0'),(2101,380,'1','1'),(2102,380,'2','1'),(2103,380,'2','2'),(2104,380,'2','3'),(2105,380,'2','4'),(2106,380,'2','5'),(2107,380,'2','6'),(2108,380,'2','7'),(2109,380,'2','8'),(2110,380,'2','9'),(2111,381,'1','0'),(2112,381,'2','0'),(2113,381,'1','1'),(2114,381,'2','1'),(2115,381,'2','2'),(2116,381,'2','3'),(2117,381,'2','4'),(2118,381,'2','5'),(2119,381,'2','6'),(2120,381,'2','7'),(2121,381,'2','8'),(2122,381,'2','9'),(2123,382,'1','0'),(2124,382,'2','0'),(2125,382,'1','1'),(2126,382,'2','1'),(2127,382,'2','2'),(2128,382,'2','3'),(2129,382,'2','4'),(2130,382,'2','5'),(2131,382,'2','6'),(2132,382,'2','7'),(2133,382,'2','8'),(2134,382,'2','9'),(2135,383,'1','0'),(2136,383,'2','0'),(2137,383,'1','1'),(2138,383,'2','1'),(2139,383,'2','2'),(2140,383,'2','3'),(2141,383,'2','4'),(2142,383,'2','5'),(2143,383,'2','6'),(2144,383,'2','7'),(2145,383,'2','8'),(2146,383,'2','9'),(2147,384,'1','0'),(2148,384,'2',''),(2149,384,'1','1'),(2150,384,'2','0'),(2151,384,'1','2'),(2152,384,'2','1'),(2153,384,'1','3'),(2154,384,'2','2'),(2155,384,'2','3'),(2156,384,'2','4'),(2157,384,'2','5'),(2158,384,'2','6'),(2159,384,'2','7'),(2160,384,'2','8'),(2161,385,'1','0'),(2162,385,'2','0'),(2163,385,'1','1'),(2164,385,'2','1'),(2165,386,'1',''),(2166,386,'2',''),(2167,387,'1',''),(2168,387,'2',''),(2169,388,'1',''),(2170,388,'2',''),(2171,389,'1',''),(2172,389,'2',''),(2173,390,'1',''),(2174,390,'2',''),(2175,391,'1',''),(2176,391,'2',''),(2177,392,'1',''),(2178,392,'2',''),(2179,392,'1','2'),(2180,392,'1','3'),(2181,393,'1',''),(2182,393,'2',''),(2183,394,'1',''),(2184,394,'2','0'),(2185,394,'1','2'),(2186,394,'2','1'),(2187,394,'1','3'),(2188,394,'2','2'),(2189,394,'2','3'),(2190,394,'2','4'),(2191,395,'1',''),(2192,395,'2',''),(2193,395,'1','1'),(2194,395,'2','0'),(2195,395,'1','2'),(2196,395,'2','7'),(2197,396,'1',''),(2198,396,'2',''),(2199,397,'1',''),(2200,397,'2',''),(2201,398,'1',''),(2202,398,'2',''),(2203,398,'1','8'),(2204,399,'1',''),(2205,399,'2',''),(2206,400,'1',''),(2207,400,'2',''),(2208,401,'1',''),(2209,401,'2',''),(2210,402,'1',''),(2211,402,'2',''),(2212,403,'1',''),(2213,403,'2',''),(2214,404,'1',''),(2215,404,'2',''),(2216,405,'1','0'),(2217,405,'2','0'),(2218,405,'1','1'),(2219,405,'2','1'),(2220,405,'2','2'),(2221,405,'2','3'),(2222,405,'2','4'),(2223,405,'2','5'),(2224,405,'2','6'),(2225,405,'2','7'),(2226,405,'2','8'),(2227,406,'1',''),(2228,406,'2',''),(2229,407,'1',''),(2230,407,'2',''),(2231,408,'1',''),(2232,408,'2',''),(2233,409,'1',''),(2234,409,'2',''),(2235,410,'1',''),(2236,410,'2',''),(2237,411,'1',''),(2238,411,'2',''),(2239,412,'1',''),(2240,412,'2',''),(2241,413,'1','0'),(2242,413,'2',''),(2243,413,'1','1'),(2244,413,'1','2'),(2245,413,'1','3'),(2246,413,'1','4'),(2247,413,'1','5'),(2248,413,'1','8'),(2249,414,'1',''),(2250,414,'2',''),(2251,415,'1','0'),(2252,415,'2',''),(2253,415,'1','1'),(2254,416,'1',''),(2255,416,'2',''),(2256,416,'1','0'),(2257,416,'2','0'),(2258,416,'1','1'),(2259,416,'2','1'),(2260,417,'1',''),(2261,417,'2',''),(2262,418,'1',''),(2263,418,'2',''),(2264,419,'1',''),(2265,419,'2',''),(2266,419,'2','7'),(2267,420,'1',''),(2268,420,'2',''),(2269,421,'1',''),(2270,421,'2',''),(2271,422,'1',''),(2272,422,'2',''),(2273,422,'1','0'),(2274,422,'2','0'),(2275,422,'1','1'),(2276,422,'2','1'),(2277,423,'1',''),(2278,423,'2',''),(2279,424,'1',''),(2280,424,'2',''),(2281,424,'1','0'),(2282,424,'1','1'),(2283,425,'1','0'),(2284,425,'2',''),(2285,425,'1','1'),(2286,426,'1',''),(2287,426,'2',''),(2288,427,'1',''),(2289,427,'2',''),(2290,428,'1',''),(2291,428,'2',''),(2292,429,'1',''),(2293,429,'2',''),(2294,430,'1','0'),(2295,430,'2',''),(2296,430,'1','1'),(2297,430,'2','0'),(2298,430,'1','2'),(2299,430,'1','8'),(2300,431,'1',''),(2301,431,'2',''),(2302,431,'1','0'),(2303,431,'1','1'),(2304,432,'1',''),(2305,432,'2',''),(2306,433,'1',''),(2307,433,'2',''),(2308,434,'1','0'),(2309,434,'2',''),(2310,434,'1','1'),(2311,434,'1','2'),(2312,434,'1','3'),(2313,434,'1','4'),(2314,435,'1','0'),(2315,435,'2',''),(2316,435,'1','1'),(2317,436,'1',''),(2318,436,'2',''),(2319,437,'1',''),(2320,437,'2',''),(2321,438,'1',''),(2322,438,'2',''),(2323,439,'1',''),(2324,439,'2',''),(2325,439,'1','8'),(2326,440,'1',''),(2327,440,'2',''),(2328,441,'1',''),(2329,441,'2',''),(2330,441,'1','0'),(2331,441,'1','1'),(2332,441,'1','2'),(2333,441,'1','3'),(2334,441,'1','4'),(2335,441,'1','8'),(2336,442,'1',''),(2337,442,'2',''),(2338,442,'1','0'),(2339,442,'1','1'),(2340,442,'1','2'),(2341,442,'1','3'),(2342,442,'1','4'),(2343,442,'1','8'),(2344,443,'1',''),(2345,443,'2',''),(2346,443,'1','8'),(2347,444,'1',''),(2348,444,'2',''),(2349,444,'1','8'),(2350,445,'1',''),(2351,445,'2',''),(2352,446,'1','0'),(2353,446,'2',''),(2354,446,'1','8'),(2355,447,'1',''),(2356,447,'2',''),(2357,448,'1',''),(2358,448,'2',''),(2359,449,'1',''),(2360,449,'2',''),(2361,450,'1','1'),(2362,450,'2',''),(2363,450,'1','2'),(2364,451,'1',''),(2365,451,'2',''),(2366,452,'1',''),(2367,452,'2',''),(2368,453,'1',''),(2369,453,'2',''),(2370,454,'1',''),(2371,454,'2',''),(2372,454,'1','0'),(2373,454,'1','1'),(2374,455,'1',''),(2375,455,'2',''),(2376,455,'1','0'),(2377,455,'1','1'),(2378,456,'1',''),(2379,456,'2',''),(2380,456,'1','0'),(2381,456,'1','1'),(2382,457,'1',''),(2383,457,'2',''),(2384,457,'1','0'),(2385,457,'1','1'),(2386,458,'1',''),(2387,458,'2',''),(2388,459,'1',''),(2389,459,'2',''),(2390,460,'1',''),(2391,460,'2',''),(2392,461,'1',''),(2393,461,'2',''),(2394,462,'1',''),(2395,462,'2',''),(2396,462,'1','0'),(2397,462,'1','8'),(2398,463,'2',''),(2399,463,'1',''),(2400,463,'1','8'),(2401,464,'1',''),(2402,464,'1','0'),(2403,464,'1','1'),(2404,464,'2',''),(2405,465,'1',''),(2406,465,'2',''),(2407,466,'1',''),(2408,466,'2',''),(2409,467,'1',''),(2410,467,'2',''),(2411,467,'1','0'),(2412,467,'1','8'),(2413,468,'1',''),(2414,468,'2',''),(2415,468,'1','8'),(2416,469,'1',''),(2417,469,'2',''),(2418,470,'1',''),(2419,470,'2',''),(2420,470,'1','8'),(2421,471,'1',''),(2422,471,'1','0'),(2423,471,'1','1'),(2424,471,'2',''),(2425,472,'1',''),(2426,472,'2',''),(2427,473,'1',''),(2428,473,'2',''),(2429,474,'1',''),(2430,474,'2',''),(2431,474,'1','8'),(2432,475,'1',''),(2433,475,'2',''),(2434,476,'1','0'),(2435,476,'2','0'),(2436,476,'1','1'),(2437,476,'2','1'),(2438,476,'1','3'),(2439,476,'2','2'),(2440,476,'2','3'),(2441,476,'2','4'),(2442,476,'2','5'),(2443,476,'2','6'),(2444,476,'2','7'),(2445,477,'1','0'),(2446,477,'2','0'),(2447,477,'1','1'),(2448,477,'2','1'),(2449,477,'1','2'),(2450,477,'2','2'),(2451,477,'2','3'),(2452,477,'2','4'),(2453,477,'2','5'),(2454,477,'2','6'),(2455,477,'2','7'),(2456,478,'1','0'),(2457,478,'2','0'),(2458,478,'1','1'),(2459,478,'2','1'),(2460,478,'1','2'),(2461,478,'2','2'),(2462,478,'2','3'),(2463,478,'2','4'),(2464,478,'2','5'),(2465,478,'2','6'),(2466,478,'2','7'),(2467,479,'1','0'),(2468,479,'2','0'),(2469,479,'1','1'),(2470,479,'2','1'),(2471,479,'1','2'),(2472,479,'2','2'),(2473,479,'1','3'),(2474,479,'2','3'),(2475,479,'1','4'),(2476,479,'2','4'),(2477,479,'1','5'),(2478,479,'2','5'),(2479,479,'1','6'),(2480,479,'2','6'),(2481,479,'1','7'),(2482,479,'2','7'),(2483,479,'1','8'),(2484,479,'1','9'),(2485,480,'1',''),(2486,480,'2','0'),(2487,480,'2','1'),(2488,480,'2','2'),(2489,480,'2','3'),(2490,480,'2','4'),(2491,480,'2','5'),(2492,480,'2','6'),(2493,480,'2','7'),(2494,481,'1',''),(2495,481,'2','0'),(2496,481,'1','0'),(2497,481,'2','1'),(2498,481,'1','1'),(2499,481,'2','2'),(2500,481,'1','2'),(2501,481,'2','3'),(2502,481,'2','4'),(2503,481,'2','5'),(2504,481,'2','6'),(2505,481,'2','7'),(2506,482,'1',''),(2507,482,'2','0'),(2508,482,'2','1'),(2509,482,'2','2'),(2510,482,'2','3'),(2511,482,'2','4'),(2512,482,'2','5'),(2513,482,'2','6'),(2514,482,'2','7'),(2515,483,'1',''),(2516,483,'2',''),(2517,483,'1','0'),(2518,483,'2','0'),(2519,483,'1','1'),(2520,483,'2','1'),(2521,483,'1','2'),(2522,483,'2','2'),(2523,483,'2','3'),(2524,483,'2','4'),(2525,483,'2','5'),(2526,483,'2','6'),(2527,484,'1',''),(2528,484,'2',''),(2529,484,'1','0'),(2530,484,'1','1'),(2531,484,'1','2'),(2532,485,'1',''),(2533,485,'2','0'),(2534,485,'1','0'),(2535,485,'2','1'),(2536,485,'2','2'),(2537,485,'2','3'),(2538,485,'2','4'),(2539,485,'2','5'),(2540,485,'2','6'),(2541,485,'2','7'),(2542,486,'1',''),(2543,486,'2','7'),(2544,487,'1',''),(2545,487,'2','7'),(2546,488,'1',''),(2547,488,'2',''),(2548,489,'1',''),(2549,489,'2',''),(2550,490,'1','0'),(2551,490,'2',''),(2552,490,'1','1'),(2553,490,'2','2'),(2554,490,'1','3'),(2555,491,'1','0'),(2556,491,'2',''),(2557,491,'1','1'),(2558,491,'2','2'),(2559,491,'1','2'),(2560,492,'1','0'),(2561,492,'2',''),(2562,492,'1','1'),(2563,492,'2','2'),(2564,492,'1','2'),(2565,493,'1',''),(2566,493,'2',''),(2567,493,'1','1'),(2568,493,'1','2'),(2569,494,'1','0'),(2570,494,'2',''),(2571,494,'1','1'),(2572,494,'2','2'),(2573,494,'1','2'),(2574,494,'1','3'),(2575,494,'1','4'),(2576,494,'1','5'),(2577,494,'1','6'),(2578,494,'1','7'),(2579,494,'1','8'),(2580,494,'1','9'),(2581,495,'1','0'),(2582,495,'2',''),(2583,495,'1','1'),(2584,495,'2','2'),(2585,495,'1','2'),(2586,495,'1','3'),(2587,495,'1','4'),(2588,495,'1','5'),(2589,495,'1','6'),(2590,495,'1','7'),(2591,495,'1','8'),(2592,495,'1','9'),(2593,496,'1',''),(2594,496,'2',''),(2595,497,'1',''),(2596,497,'2',''),(2597,498,'1',''),(2598,498,'2',''),(2599,499,'1',''),(2600,499,'2',''),(2601,500,'1','0'),(2602,500,'2',''),(2603,500,'1','1'),(2604,500,'2','8'),(2605,501,'1','0'),(2606,501,'2',''),(2607,501,'1','1'),(2608,501,'2','8'),(2609,502,'1','0'),(2610,502,'2',''),(2611,502,'1','1'),(2612,502,'2','8'),(2613,503,'1','0'),(2614,503,'2',''),(2615,503,'1','1'),(2616,503,'2','8'),(2617,504,'1','0'),(2618,504,'2',''),(2619,504,'1','1'),(2620,504,'2','8'),(2621,505,'1','0'),(2622,505,'2',''),(2623,505,'1','1'),(2624,505,'2','0'),(2625,505,'2','8'),(2626,506,'1','0'),(2627,506,'2',''),(2628,506,'1','1'),(2629,506,'2','8'),(2630,507,'1','0'),(2631,507,'2',''),(2632,507,'1','1'),(2633,507,'2','8'),(2634,508,'1','0'),(2635,508,'2',''),(2636,508,'1','1'),(2637,508,'2','8'),(2638,509,'1','0'),(2639,509,'2',''),(2640,509,'1','1'),(2641,509,'2','8'),(2642,510,'1','0'),(2643,510,'2',''),(2644,510,'1','1'),(2645,510,'2','8'),(2646,511,'1','0'),(2647,511,'2','0'),(2648,511,'1','1'),(2649,511,'2','1'),(2650,511,'2','2'),(2651,511,'2','3'),(2652,511,'2','4'),(2653,511,'2','5'),(2654,511,'2','6'),(2655,511,'2','7'),(2656,512,'1','0'),(2657,512,'2','0'),(2658,512,'1','1'),(2659,512,'2','1'),(2660,512,'2','2'),(2661,512,'2','3'),(2662,512,'2','4'),(2663,512,'2','5'),(2664,512,'2','6'),(2665,512,'2','7'),(2666,512,'2','8'),(2667,513,'1','0'),(2668,513,'2',''),(2669,513,'1','1'),(2670,513,'2','8'),(2671,514,'1','0'),(2672,514,'2',''),(2673,514,'1','1'),(2674,514,'2','8'),(2675,515,'1','0'),(2676,515,'2',''),(2677,515,'1','1'),(2678,515,'1','3'),(2679,516,'1','0'),(2680,516,'2',''),(2681,516,'1','1'),(2682,516,'1','2'),(2683,517,'1','0'),(2684,517,'2',''),(2685,517,'1','1'),(2686,517,'1','2'),(2687,518,'1',''),(2688,518,'2','0'),(2689,518,'2','1'),(2690,518,'2','2'),(2691,518,'2','3'),(2692,518,'2','4'),(2693,518,'2','5'),(2694,518,'2','6'),(2695,518,'2','7'),(2696,518,'2','8'),(2697,518,'2','9'),(2698,519,'1',''),(2699,519,'2',''),(2700,520,'1',''),(2701,520,'2',''),(2702,521,'1',''),(2703,521,'2',''),(2704,522,'1',''),(2705,522,'2',''),(2706,523,'1',''),(2707,523,'2',''),(2708,524,'1',''),(2709,524,'2',''),(2710,525,'1',''),(2711,525,'2',''),(2712,525,'1','0'),(2713,525,'2','0'),(2714,525,'1','1'),(2715,525,'2','1'),(2716,525,'1','2'),(2717,525,'2','2'),(2718,525,'1','3'),(2719,525,'1','4'),(2720,525,'1','5'),(2721,525,'1','6'),(2722,525,'1','7'),(2723,525,'1','8'),(2724,526,'1','0'),(2725,526,'2','0'),(2726,526,'1','1'),(2727,526,'2','1'),(2728,526,'1','2'),(2729,526,'2','2'),(2730,526,'1','3'),(2731,526,'2','3'),(2732,527,'1','0'),(2733,527,'2','0'),(2734,527,'1','1'),(2735,527,'2','1'),(2736,527,'1','2'),(2737,527,'2','2'),(2738,527,'1','3'),(2739,527,'2','3'),(2740,528,'1',''),(2741,528,'2',''),(2742,529,'1',''),(2743,529,'2',''),(2744,529,'1','0'),(2745,529,'2','0'),(2746,529,'1','1'),(2747,529,'2','1'),(2748,529,'1','2'),(2749,529,'2','2'),(2750,529,'1','3'),(2751,529,'2','8'),(2752,529,'1','4'),(2753,529,'1','7'),(2754,530,'1',''),(2755,530,'2',''),(2756,530,'1','3'),(2757,530,'2','0'),(2758,530,'1','4'),(2759,530,'2','1'),(2760,530,'1','5'),(2761,530,'2','2'),(2762,530,'2','3'),(2763,530,'2','4'),(2764,531,'1',''),(2765,531,'2',''),(2766,531,'1','3'),(2767,531,'2','0'),(2768,531,'1','4'),(2769,531,'2','1'),(2770,531,'1','5'),(2771,531,'2','2'),(2772,531,'2','3'),(2773,531,'2','4'),(2774,532,'1',''),(2775,532,'2',''),(2776,532,'1','3'),(2777,532,'2','0'),(2778,532,'1','4'),(2779,532,'2','1'),(2780,532,'1','5'),(2781,532,'2','2'),(2782,532,'2','3'),(2783,532,'2','4'),(2784,533,'1',''),(2785,533,'2','0'),(2786,533,'1','3'),(2787,533,'2','1'),(2788,533,'1','4'),(2789,533,'2','2'),(2790,533,'1','5'),(2791,533,'2','7'),(2792,534,'1',''),(2793,534,'2','0'),(2794,534,'1','3'),(2795,534,'2','1'),(2796,534,'1','4'),(2797,534,'2','2'),(2798,534,'1','5'),(2799,534,'2','7'),(2800,535,'1',''),(2801,535,'2','0'),(2802,535,'1','3'),(2803,535,'2','1'),(2804,535,'1','4'),(2805,535,'2','2'),(2806,535,'1','5'),(2807,535,'2','7'),(2808,536,'1',''),(2809,536,'2',''),(2810,537,'1',''),(2811,537,'2',''),(2812,538,'1',''),(2813,538,'2',''),(2814,539,'1',''),(2815,539,'2',''),(2816,540,'1','0'),(2817,540,'2',''),(2818,540,'1','1'),(2819,540,'1','2'),(2820,541,'1',''),(2821,541,'2',''),(1279,209,'1',''),(1280,209,'2',''),(1281,209,'1',''),(1282,209,'2',''),(1283,210,'1',''),(1284,210,'2',''),(1285,210,'1',''),(1286,210,'2',''),(1287,211,'1',''),(1288,211,'2',''),(1289,211,'1',''),(1290,211,'2',''),(1291,211,'1','7'),(1292,212,'1',''),(1293,212,'2',''),(1294,212,'1',''),(1295,212,'2',''),(1296,213,'1',''),(1297,213,'2',''),(1298,213,'1',''),(1299,213,'2',''),(1300,214,'1',''),(1301,214,'2',''),(1302,214,'1','7'),(1303,214,'2',''),(1304,214,'1','8'),(1305,215,'1',''),(1306,215,'2',''),(1307,215,'1',''),(1308,215,'2',''),(1309,216,'1',''),(1310,216,'2',''),(1311,216,'1',''),(1312,216,'2',''),(1313,216,'2','0'),(1314,216,'2','1'),(1315,217,'1',''),(1316,217,'2',''),(1317,217,'1',''),(1318,217,'2',''),(1319,218,'1',''),(1320,218,'2',''),(1321,218,'1',''),(1322,218,'2',''),(1323,219,'1',''),(1324,219,'2',''),(1325,219,'1',''),(1326,219,'2',''),(1327,220,'1',''),(1328,220,'2',''),(1329,220,'1',''),(1330,220,'2',''),(1331,221,'1',''),(1332,221,'2',''),(1333,221,'1',''),(1334,221,'2',''),(1335,221,'1','0'),(1336,221,'1','1'),(1337,221,'1','2'),(1338,222,'1',''),(1339,222,'2',''),(1340,222,'1',''),(1341,222,'2',''),(1342,223,'1',''),(1343,223,'2',''),(1344,223,'1',''),(1345,223,'2','0'),(1346,223,'2','4'),(1347,224,'1',''),(1348,224,'2',''),(1349,224,'1',''),(1350,224,'2',''),(1351,224,'1','1'),(1352,224,'1','7'),(1353,225,'1',''),(1354,225,'2',''),(1355,225,'1',''),(1356,225,'2','0'),(1357,225,'2','4'),(1358,226,'1',''),(1359,226,'2',''),(1360,226,'1',''),(1361,226,'2','0'),(1362,226,'2','4'),(1363,227,'1',''),(1364,227,'2',''),(1365,227,'1',''),(1366,227,'2','0'),(1367,227,'2','4'),(1368,228,'1',''),(1369,228,'2',''),(1370,228,'1',''),(1371,228,'2',''),(1372,229,'1',''),(1373,229,'2',''),(1374,229,'1',''),(1375,229,'2',''),(1376,230,'1',''),(1377,230,'2',''),(1378,230,'1',''),(1379,230,'2',''),(1380,231,'1',''),(1381,231,'2',''),(1382,231,'1',''),(1383,231,'2',''),(1384,231,'2','0'),(1385,231,'2','7'),(1386,232,'1',''),(1387,232,'2',''),(1388,232,'1',''),(1389,232,'2',''),(1390,233,'1',''),(1391,233,'2',''),(1392,233,'1',''),(1393,233,'2',''),(1394,233,'1','0'),(1395,233,'1','1'),(1396,234,'1',''),(1397,234,'2',''),(1398,234,'1','0'),(1399,234,'2',''),(1400,234,'1','1'),(1401,234,'2','0'),(1402,234,'2','4'),(1403,235,'1',''),(1404,235,'2',''),(1405,235,'1','0'),(1406,235,'2','0'),(1407,235,'1','1'),(1408,235,'2','4'),(1409,236,'1',''),(1410,236,'2',''),(1411,236,'1',''),(1412,236,'2',''),(1413,236,'1','0'),(1414,236,'1','1'),(1415,237,'1',''),(1416,237,'2',''),(1417,237,'1',''),(1418,237,'2',''),(1419,237,'1','0'),(1420,237,'1','1'),(1421,238,'1',''),(1422,238,'2',''),(1423,238,'1','0'),(1424,238,'2',''),(1425,238,'1','1'),(1426,238,'1','3'),(1427,239,'1',''),(1428,239,'2',''),(1429,239,'1','0'),(1430,239,'2',''),(1431,239,'1','1'),(1432,239,'1','2'),(1433,240,'1',''),(1434,240,'2',''),(1435,240,'1','0'),(1436,240,'2',''),(1437,240,'1','1'),(1438,240,'1','2'),(1439,241,'1',''),(1440,241,'2',''),(1441,241,'1',''),(1442,241,'2',''),(1443,242,'1',''),(1444,242,'2',''),(1445,242,'1',''),(1446,242,'2',''),(1447,243,'1',''),(1448,243,'2',''),(1449,243,'1',''),(1450,243,'2',''),(1451,244,'1',''),(1452,244,'2',''),(1453,244,'1',''),(1454,244,'2',''),(1455,245,'1',''),(1456,245,'2',''),(1457,245,'1',''),(1458,245,'2',''),(1459,246,'1',''),(1460,246,'2',''),(1461,246,'1',''),(1462,246,'2',''),(1463,247,'1',''),(1464,247,'2',''),(1465,247,'1',''),(1466,247,'2',''),(1467,248,'1',''),(1468,248,'2',''),(1469,248,'1',''),(1470,248,'2',''),(1471,249,'1',''),(1472,249,'2',''),(1473,249,'1',''),(1474,249,'2',''),(1475,250,'1',''),(1476,250,'2',''),(1477,250,'1',''),(1478,250,'2',''),(1479,251,'1',''),(1480,251,'2',''),(1481,251,'1',''),(1482,251,'2',''),(1483,252,'1',''),(1484,252,'2',''),(1485,252,'1',''),(1486,252,'2',''),(1487,253,'1',''),(1488,253,'2',''),(1489,253,'1',''),(1490,253,'2',''),(1491,254,'1',''),(1492,254,'2',''),(1493,254,'1',''),(1494,254,'2',''),(1495,255,'1',''),(1496,255,'2',''),(1497,255,'1',''),(1498,255,'2',''),(1499,256,'1',''),(1500,256,'2',''),(1501,256,'1',''),(1502,256,'2',''),(1503,257,'1',''),(1504,257,'2',''),(1505,257,'1',''),(1506,257,'2',''),(1507,258,'1',''),(1508,258,'2',''),(1509,258,'1',''),(1510,258,'2',''),(1511,259,'1',''),(1512,259,'2',''),(1513,259,'1',''),(1514,259,'2',''),(1515,260,'1',''),(1516,260,'2',''),(1517,260,'1',''),(1518,260,'2',''),(1519,260,'2','7'),(1520,261,'1',''),(1521,261,'2',''),(1522,261,'1',''),(1523,261,'2',''),(1524,262,'1',''),(1525,262,'2',''),(1526,262,'1',''),(1527,262,'2',''),(1528,263,'1',''),(1529,263,'2',''),(1530,263,'1',''),(1531,263,'2',''),(1532,264,'1',''),(1533,264,'2',''),(1534,264,'1',''),(1535,264,'2',''),(1536,265,'1',''),(1537,265,'2',''),(1538,265,'1',''),(1539,265,'2',''),(1540,265,'1','0'),(1541,265,'1','1'),(1542,266,'1',''),(1543,266,'2',''),(1544,266,'1','0'),(1545,266,'2',''),(1546,266,'1','1'),(1547,266,'1','3'),(1548,267,'1',''),(1549,267,'2',''),(1550,267,'1','0'),(1551,267,'2',''),(1552,267,'1','1'),(1553,267,'1','2'),(1554,268,'1',''),(1555,268,'2',''),(1556,268,'1','0'),(1557,268,'2',''),(1558,268,'1','1'),(1559,268,'1','2'),(1560,269,'1',''),(1561,269,'2',''),(1562,269,'1',''),(1563,269,'2',''),(1564,270,'1',''),(1565,270,'2',''),(1566,271,'1',''),(1567,271,'2',''),(1568,272,'1',''),(1569,272,'2',''),(1570,272,'1',''),(1571,272,'2',''),(1572,273,'1',''),(1573,273,'2',''),(1574,273,'1',''),(1575,273,'2',''),(1576,274,'1',''),(1577,274,'2',''),(1578,274,'1',''),(1579,274,'2',''),(1580,275,'1',''),(1581,275,'2',''),(1582,275,'1',''),(1583,275,'2',''),(1584,276,'1',''),(1585,276,'2',''),(1586,276,'1',''),(1587,276,'2',''),(1588,277,'1',''),(1589,277,'2',''),(1590,277,'1',''),(1591,277,'2',''),(1592,278,'1',''),(1593,278,'2',''),(1594,278,'1',''),(1595,278,'2',''),(1596,279,'1',''),(1597,279,'2',''),(1598,279,'1','0'),(1599,279,'2',''),(1600,279,'1','1'),(1601,279,'1','3'),(1602,280,'1',''),(1603,280,'2',''),(1604,280,'1','0'),(1605,280,'2',''),(1606,280,'1','1'),(1607,280,'1','2'),(1608,281,'1',''),(1609,281,'2',''),(1610,281,'1','0'),(1611,281,'2',''),(1612,281,'1','1'),(1613,281,'1','2'),(1614,282,'1',''),(1615,282,'2',''),(1616,282,'1',''),(1617,282,'2',''),(1618,283,'1',''),(1619,283,'2',''),(1620,283,'1',''),(1621,283,'2',''),(1622,284,'1',''),(1623,284,'2',''),(1624,284,'1',''),(1625,284,'2',''),(1626,285,'1',''),(1627,285,'2',''),(1628,285,'1',''),(1629,285,'2',''),(1630,286,'1',''),(1631,286,'2',''),(1632,286,'1',''),(1633,286,'2',''),(1634,287,'1',''),(1635,287,'2',''),(1636,287,'1',''),(1637,287,'2',''),(1638,288,'1',''),(1639,288,'2',''),(1640,288,'1',''),(1641,288,'2',''),(1642,289,'1',''),(1643,289,'2',''),(1644,289,'1',''),(1645,289,'2',''),(1646,290,'1',''),(1647,290,'2',''),(1648,290,'1',''),(1649,290,'2',''),(1650,291,'1',''),(1651,291,'2',''),(1652,291,'1','0'),(1653,291,'2',''),(1654,291,'1','1'),(1655,292,'1',''),(1656,292,'2',''),(1657,292,'1',''),(1658,292,'2',''),(1659,293,'1',''),(1660,293,'2',''),(1661,293,'1',''),(1662,293,'2',''),(1663,294,'1',''),(1664,294,'2',''),(1665,294,'1',''),(1666,294,'2',''),(1667,295,'1',''),(1668,295,'2',''),(1669,295,'1',''),(1670,295,'2',''),(1671,296,'1',''),(1672,296,'2',''),(1673,296,'1',''),(1674,296,'2',''),(1675,297,'1',''),(1676,297,'2',''),(1677,297,'1',''),(1678,297,'2',''),(1679,298,'1',''),(1680,298,'2',''),(1681,298,'1',''),(1682,298,'2',''),(1683,299,'1',''),(1684,299,'2',''),(1685,299,'1',''),(1686,299,'2',''),(1687,300,'1',''),(1688,300,'2',''),(1689,300,'1',''),(1690,300,'2',''),(1691,301,'1',''),(1692,301,'2',''),(1693,301,'1',''),(1694,301,'2',''),(1695,302,'1',''),(1696,302,'2',''),(1697,302,'1',''),(1698,302,'2',''),(1699,303,'1',''),(1700,303,'2',''),(1701,303,'1',''),(1702,303,'2',''),(1703,304,'1',''),(1704,304,'2',''),(1705,304,'1',''),(1706,304,'2',''),(1707,305,'1',''),(1708,305,'2',''),(1709,305,'1',''),(1710,305,'2',''),(1711,305,'1','0'),(1712,305,'1','1'),(1713,306,'1',''),(1714,306,'2',''),(1715,306,'1',''),(1716,306,'2',''),(1717,307,'1',''),(1718,307,'2',''),(1719,307,'1',''),(1720,307,'2',''),(1721,308,'1',''),(1722,308,'2',''),(1723,308,'1',''),(1724,308,'2',''),(1725,309,'1',''),(1726,309,'2',''),(1727,309,'1',''),(1728,309,'2',''),(1729,310,'1',''),(1730,310,'2',''),(1731,310,'1','0'),(1732,310,'2','0'),(1733,310,'1','1'),(1734,310,'2','1'),(1735,310,'1','3'),(1736,310,'2','2'),(1737,310,'2','3'),(1738,310,'2','4'),(1739,310,'2','5'),(1740,310,'2','6'),(1741,310,'2','7'),(1742,311,'1',''),(1743,311,'2',''),(1744,311,'1','0'),(1745,311,'2','0'),(1746,311,'1','1'),(1747,311,'2','1'),(1748,311,'1','2'),(1749,311,'2','2'),(1750,311,'2','3'),(1751,311,'2','4'),(1752,311,'2','5'),(1753,311,'2','6'),(1754,311,'2','7'),(1755,312,'1',''),(1756,312,'2',''),(1757,312,'1','0'),(1758,312,'2','0'),(1759,312,'1','1'),(1760,312,'2','1'),(1761,312,'1','2'),(1762,312,'2','2'),(1763,312,'2','3'),(1764,312,'2','4'),(1765,312,'2','5'),(1766,312,'2','6'),(1767,312,'2','7'),(1768,313,'1',''),(1769,313,'2',''),(1770,313,'1',''),(1771,313,'2','0'),(1772,313,'2','1'),(1773,313,'2','2'),(1774,313,'2','3'),(1775,313,'2','4'),(1776,313,'2','5'),(1777,313,'2','6'),(1778,313,'2','7'),(1779,314,'1',''),(1780,314,'2',''),(1781,314,'1',''),(1782,314,'2','0'),(1783,314,'2','1'),(1784,314,'2','2'),(1785,314,'2','3'),(1786,314,'2','4'),(1787,314,'2','5'),(1788,314,'2','6'),(1789,314,'2','7'),(1790,315,'1',''),(1791,315,'2',''),(1792,315,'1',''),(1793,315,'2','0'),(1794,315,'2','1'),(1795,315,'2','2'),(1796,315,'2','3'),(1797,315,'2','4'),(1798,315,'2','5'),(1799,315,'2','6'),(1800,315,'2','7'),(1801,316,'1',''),(1802,316,'2',''),(1803,316,'1',''),(1804,316,'2','0'),(1805,316,'2','1'),(1806,316,'2','2'),(1807,316,'2','3'),(1808,316,'2','4'),(1809,316,'2','5'),(1810,316,'2','6'),(1811,316,'2','7'),(1812,317,'1',''),(1813,317,'2',''),(1814,317,'1',''),(1815,317,'2','0'),(1816,317,'2','1'),(1817,317,'2','2'),(1818,317,'2','3'),(1819,317,'2','4'),(1820,317,'2','5'),(1821,317,'2','6'),(1822,317,'2','7'),(1823,318,'1',''),(1824,318,'2',''),(1825,318,'1',''),(1826,318,'2','0'),(1827,318,'2','1'),(1828,318,'2','2'),(1829,318,'2','3'),(1830,318,'2','4'),(1831,318,'2','5'),(1832,318,'2','6'),(1833,318,'2','7'),(1834,319,'1',''),(1835,319,'2',''),(1836,319,'1',''),(1837,319,'2','0'),(1838,319,'2','1'),(1839,319,'2','2'),(1840,319,'2','3'),(1841,319,'2','4'),(1842,319,'2','5'),(1843,319,'2','6'),(1844,319,'2','7'),(1845,320,'1',''),(1846,320,'2',''),(1847,320,'1',''),(1848,320,'2','0'),(1849,320,'2','1'),(1850,320,'2','2'),(1851,320,'2','3'),(1852,320,'2','4'),(1853,320,'2','5'),(1854,320,'2','6'),(1855,320,'2','7'),(1856,321,'2',''),(1857,321,'2','0'),(1858,321,'2','1'),(1859,321,'2','2'),(1860,321,'2','3'),(1861,321,'2','4'),(1862,321,'2','5'),(1863,321,'2','6'),(1864,321,'2','7'),(1865,322,'1',''),(1866,322,'2',''),(1867,322,'1',''),(1868,322,'2','0'),(1869,322,'2','1'),(1870,322,'2','2'),(1871,322,'2','3'),(1872,322,'2','4'),(1873,322,'2','5'),(1874,322,'2','6'),(1875,322,'2','7'),(1876,323,'1',''),(1877,323,'2',''),(1878,323,'1',''),(1879,323,'2',''),(1880,323,'1','0'),(1881,323,'2','0'),(1882,323,'1','1'),(1883,323,'2','1'),(1884,323,'1','2'),(1885,323,'2','2'),(1886,323,'1','3'),(1887,323,'2','8'),(1888,323,'1','4'),(1889,323,'1','7'),(1890,324,'1',''),(1891,324,'2',''),(1892,324,'1',''),(1893,324,'2','');
/*!40000 ALTER TABLE marc_indicators_value ENABLE KEYS */;
UNLOCK TABLES;


--
-- Dumping data for table marc_indicators_desc
--

LOCK TABLES marc_indicators_desc WRITE;
/*!40000 ALTER TABLE marc_indicators_desc DISABLE KEYS */;
INSERT INTO marc_indicators_desc VALUES (1894,'en','Undefined: Undefined'),(1895,'en','Undefined: Undefined'),(1896,'en','Undefined: Undefined'),(1897,'en','Undefined: Undefined'),(1898,'en','Undefined: Undefined'),(1899,'en','Undefined: Undefined'),(1900,'en','National bibliographic agency: Library and Archives Canada'),(1901,'en','Undefined: Undefined'),(1902,'en','National bibliographic agency: Source specified in subfield $2'),(1903,'en','Undefined: Undefined'),(1904,'en','Display constant controller: Copyright or legal deposit number'),(1905,'en','Display constant controller: No display constant generated'),(1906,'en','Undefined: Undefined'),(1907,'en','Undefined: Undefined'),(1908,'en','Undefined: Undefined'),(1909,'en','Undefined: Undefined'),(1910,'en','Level of international interest: No level specified'),(1911,'en','Undefined: Undefined'),(1912,'en','Level of international interest: Continuing resource of international interest'),(1913,'en','Level of international interest: Continuing resource not of international interest'),(1914,'en','Type of standard number or code: International Standard Recording Code'),(1915,'en','Difference indicator: No information provided'),(1916,'en','Type of standard number or code: Universal Product Code'),(1917,'en','Difference indicator: No difference'),(1918,'en','Type of standard number or code: International Standard Music Number'),(1919,'en','Difference indicator: Difference'),(1920,'en','Type of standard number or code: International Article Number'),(1921,'en','Type of standard number or code: Serial Item and Contribution Identifier'),(1922,'en','Type of standard number or code: Source specified in subfield $2'),(1923,'en','Type of standard number or code: Unspecified type of standard number or code'),(1924,'en','Undefined: Undefined'),(1925,'en','Undefined: Undefined'),(1926,'en','Undefined: Undefined'),(1927,'en','Undefined: Undefined'),(1928,'en','Undefined: Undefined'),(1929,'en','Undefined: Undefined'),(1930,'en','Type of publisher number: Issue number'),(1931,'en','Note/added entry controller: No note, no added entry'),(1932,'en','Type of publisher number: Matrix number'),(1933,'en','Note/added entry controller: Note, added entry'),(1934,'en','Type of publisher number: Plate number'),(1935,'en','Note/added entry controller: Note, no added entry'),(1936,'en','Type of publisher number: Other music number'),(1937,'en','Note/added entry controller: No note, added entry'),(1938,'en','Type of publisher number: Videorecording number'),(1939,'en','Type of publisher number: Other publisher number'),(1940,'en','Undefined: Undefined'),(1941,'en','Undefined: Undefined'),(1942,'en','Undefined: Undefined'),(1943,'en','Undefined: Undefined'),(1944,'en','Undefined: Undefined'),(1945,'en','Undefined: Undefined'),(1946,'en','Type of date in subfield $a: No date information'),(1947,'en','Type of event: No information provided'),(1948,'en','Type of date in subfield $a: Single date'),(1949,'en','Type of event: Capture'),(1950,'en','Type of date in subfield $a: Multiple single dates'),(1951,'en','Type of event: Broadcast'),(1952,'en','Type of date in subfield $a: Range of dates'),(1953,'en','Type of event: Finding'),(1954,'en','Type of scale : Scale indeterminable/No scale recorded'),(1955,'en','Type of ring: Not applicable'),(1956,'en','Type of scale : Single scale'),(1957,'en','Type of ring: Outer ring'),(1958,'en','Type of scale : Range of scales'),(1959,'en','Type of ring: Exclusion ring'),(1960,'en','Undefined: Undefined'),(1961,'en','Undefined: Undefined'),(1962,'en','Undefined: Undefined'),(1963,'en','Undefined: Undefined'),(1964,'en','Undefined: Undefined'),(1965,'en','Undefined: Undefined'),(1966,'en','Undefined: Undefined'),(1967,'en','Undefined: Undefined'),(1968,'en','Undefined: Undefined'),(1969,'en','Undefined: Undefined'),(1970,'en','Translation indication: No information provided'),(1971,'en','Source of code: MARC language code'),(1972,'en','Translation indication: Item not a translation/ does not include a translation'),(1973,'en','Source of code: Source specified in subfield $2'),(1974,'en','Translation indication: Item is or includes a translation'),(1975,'en','Undefined: Undefined'),(1976,'en','Undefined: Undefined'),(1977,'en','Undefined: Undefined'),(1978,'en','Undefined: Undefined'),(1979,'en','Undefined: Undefined'),(1980,'en','Undefined: Undefined'),(1981,'en','Type of time period in subfield $b or $c: Subfield $b or $c not present'),(1982,'en','Undefined: Undefined'),(1983,'en','Type of time period in subfield $b or $c: Single date/time'),(1984,'en','Type of time period in subfield $b or $c: Multiple single dates/times'),(1985,'en','Type of time period in subfield $b or $c: Range of dates/times'),(1986,'en','Undefined: Undefined'),(1987,'en','Undefined: Undefined'),(1988,'en','Undefined: Undefined'),(1989,'en','Source of code: MARC musical composition code '),(1990,'en','Source of code: Source specified in subfield $2 '),(1991,'en','Undefined: Undefined'),(1992,'en','Source of code: MARC code '),(1993,'en','Source of code: Source specified in subfield $2 '),(1994,'en','Existence in LC collection: No information provided'),(1995,'en','Source of call number: Assigned by LC'),(1996,'en','Existence in LC collection: Item is in LC'),(1997,'en','Source of call number: Assigned by agency other than LC'),(1998,'en','Existence in LC collection: Item is not in LC'),(1999,'en','Undefined: Undefined'),(2000,'en','Undefined: Undefined'),(2001,'en','Code source: Library of Congress Classification'),(2002,'en','Undefined: Undefined'),(2003,'en','Code source: U.S. Dept. of Defense Classification'),(2004,'en','Code source: Source specified in subfield $2'),(2005,'en','Existence in LAC collection: Information not provided'),(2006,'en','Type, completeness, source of class/call number: LC - based call number assigned by LAC'),(2007,'en','Existence in LAC collection: Work held by LAC'),(2008,'en','Type, completeness, source of class/call number: Complete LC class number assigned by LAC'),(2009,'en','Existence in LAC collection: Work not held by LAC'),(2010,'en','Type, completeness, source of class/call number: Incomplete LC class number assigned by LAC'),(2011,'en','Type, completeness, source of class/call number: LC- based call number assigned by the contibuting library'),(2012,'en','Type, completeness, source of class/call number: Complete LC class number assigned by the contributing library'),(2013,'en','Type, completeness, source of class/call number: Incomplete LC class number assigned by de contributing library'),(2014,'en','Type, completeness, source of class/call number: Other call number assigned by LAC'),(2015,'en','Type, completeness, source of class/call number: Other class number assigned by LAC'),(2016,'en','Type, completeness, source of class/call number: Other call number assigned by the contributing library'),(2017,'en','Type, completeness, source of class/call number: Other class number assigned by the contributing library'),(2018,'en','Existence in NLM collection: No information provided'),(2019,'en','Source of call number: Assigned by NLM'),(2020,'en','Existence in NLM collection: Item is in NLM'),(2021,'en','Source of call number: Assigned by agency other than NLM'),(2022,'en','Existence in NLM collection: Item is not in NLM'),(2023,'en','Undefined: Undefined'),(2024,'en','Undefined: Undefined'),(2025,'en','Undefined: Undefined'),(2026,'en','Undefined: Undefined'),(2027,'en','Existence in NAL collection: Item is in NAL'),(2028,'en','Undefined: Undefined'),(2029,'en','Existence in NAL collection: Item is not in NAL'),(2030,'en','Undefined: Undefined'),(2031,'en','Undefined: Undefined'),(2032,'en','Undefined: Undefined'),(2033,'en','Code source: NAL subject category code list'),(2034,'en','Code source: Source specified in subfield $2'),(2035,'en','Undefined: Undefined'),(2036,'en','Undefined: Undefined'),(2037,'en','Type of edition: No information provided'),(2038,'en','Undefined: Undefined'),(2039,'en','Type of edition: Full'),(2040,'en','Type of edition: Abridged'),(2041,'en','Type of edition: Full edition'),(2042,'en','Source of classification number: No information provided'),(2043,'en','Type of edition: Abridged edition'),(2044,'en','Source of classification number: Assigned by LC'),(2045,'en','Type of edition: Other edition specified in subfield $2'),(2046,'en','Source of classification number: Assigned by agency other than LC'),(2047,'en','Type of edition: Full edition'),(2048,'en','Undefined: Undefined'),(2049,'en','Type of edition: Abridged edition'),(2050,'en','Type of edition: Other edition specified in subfield $2'),(2051,'en','Undefined: Undefined'),(2052,'en','Undefined: Undefined'),(2053,'en','Undefined: Undefined'),(2054,'en','Undefined: Undefined'),(2055,'en','Number source: Source specified in subfield $2'),(2056,'en','Undefined: Undefined'),(2057,'en','Number source: Superintendent of Documents Classification System'),(2058,'en','Number source: Government of Canada Publications: Outline of Classification'),(2059,'en','Undefined: Undefined'),(2060,'en','Undefined: Undefined'),(2061,'en','Type of personal name entry element: Forename'),(2062,'en','Undefined: Undefined'),(2063,'en','Type of personal name entry element: Surname'),(2064,'en','Type of personal name entry element: Family name'),(2065,'en','Type of corporate name entry element: Inverted name'),(2066,'en','Undefined: Undefined'),(2067,'en','Type of corporate name entry element: Jurisdiction name'),(2068,'en','Type of corporate name entry element: Name in direct order'),(2069,'en','Type of meeting name entry element: Inverted name'),(2070,'en','Undefined: Undefined'),(2071,'en','Type of meeting name entry element: Jurisdiction name'),(2072,'en','Type of meeting name entry element: Name in direct order'),(2073,'en','Nonfiling characters: Number of nonfiling characters'),(2074,'en','Undefined: Undefined'),(2075,'en','Nonfiling characters: Number of nonfiling characters'),(2076,'en','Nonfiling characters: Number of nonfiling characters'),(2077,'en','Nonfiling characters: Number of nonfiling characters'),(2078,'en','Nonfiling characters: Number of nonfiling characters'),(2079,'en','Nonfiling characters: Number of nonfiling characters'),(2080,'en','Nonfiling characters: Number of nonfiling characters'),(2081,'en','Nonfiling characters: Number of nonfiling characters'),(2082,'en','Nonfiling characters: Number of nonfiling characters'),(2083,'en','Nonfiling characters: Number of nonfiling characters'),(2084,'en','Title added entry: No added entry'),(2085,'en','Type: Abbreviated key title'),(2086,'en','Title added entry: Added entry'),(2087,'en','Type: Other abbreviated title'),(2088,'en','Undefined: Undefined'),(2089,'en','Nonfiling characters: No nonfiling characters'),(2090,'en','Nonfiling characters: Number of nonfiling characters'),(2091,'en','Nonfiling characters: Number of nonfiling characters'),(2092,'en','Nonfiling characters: Number of nonfiling characters'),(2093,'en','Nonfiling characters: Number of nonfiling characters'),(2094,'en','Nonfiling characters: Number of nonfiling characters'),(2095,'en','Nonfiling characters: Number of nonfiling characters'),(2096,'en','Nonfiling characters: Number of nonfiling characters'),(2097,'en','Nonfiling characters: Number of nonfiling characters'),(2098,'en','Nonfiling characters: Number of nonfiling characters'),(2099,'en','Uniform title printed or displayed: Not printed or displayed'),(2100,'en','Nonfiling characters: Number of nonfiling characters'),(2101,'en','Uniform title printed or displayed: Printed or displayed'),(2102,'en','Nonfiling characters: Number of nonfiling characters'),(2103,'en','Nonfiling characters: Number of nonfiling characters'),(2104,'en','Nonfiling characters: Number of nonfiling characters'),(2105,'en','Nonfiling characters: Number of nonfiling characters'),(2106,'en','Nonfiling characters: Number of nonfiling characters'),(2107,'en','Nonfiling characters: Number of nonfiling characters'),(2108,'en','Nonfiling characters: Number of nonfiling characters'),(2109,'en','Nonfiling characters: Number of nonfiling characters'),(2110,'en','Nonfiling characters: Number of nonfiling characters'),(2111,'en','Title added entry: No added entry'),(2112,'en','Nonfiling characters: No nonfiling characters'),(2113,'en','Title added entry: Added entry'),(2114,'en','Nonfiling characters: Number of nonfiling characters'),(2115,'en','Nonfiling characters: Number of nonfiling characters'),(2116,'en','Nonfiling characters: Number of nonfiling characters'),(2117,'en','Nonfiling characters: Number of nonfiling characters'),(2118,'en','Nonfiling characters: Number of nonfiling characters'),(2119,'en','Nonfiling characters: Number of nonfiling characters'),(2120,'en','Nonfiling characters: Number of nonfiling characters'),(2121,'en','Nonfiling characters: Number of nonfiling characters'),(2122,'en','Nonfiling characters: Number of nonfiling characters'),(2123,'en','Uniform title printed or displayed: Not printed or displayed '),(2124,'en','Nonfiling characters: Number of nonfiling characters'),(2125,'en','Uniform title printed or displayed: Printed or displayed '),(2126,'en','Nonfiling characters: Number of nonfiling characters'),(2127,'en','Nonfiling characters: Number of nonfiling characters'),(2128,'en','Nonfiling characters: Number of nonfiling characters'),(2129,'en','Nonfiling characters: Number of nonfiling characters'),(2130,'en','Nonfiling characters: Number of nonfiling characters'),(2131,'en','Nonfiling characters: Number of nonfiling characters'),(2132,'en','Nonfiling characters: Number of nonfiling characters'),(2133,'en','Nonfiling characters: Number of nonfiling characters'),(2134,'en','Nonfiling characters: Number of nonfiling characters'),(2135,'en','Title added entry: No added entry'),(2136,'en','Nonfiling characters: No nonfiling characters'),(2137,'en','Title added entry: Added entry'),(2138,'en','Nonfiling characters: Number of nonfiling characters'),(2139,'en','Nonfiling characters: Number of nonfiling characters'),(2140,'en','Nonfiling characters: Number of nonfiling characters'),(2141,'en','Nonfiling characters: Number of nonfiling characters'),(2142,'en','Nonfiling characters: Number of nonfiling characters'),(2143,'en','Nonfiling characters: Number of nonfiling characters'),(2144,'en','Nonfiling characters: Number of nonfiling characters'),(2145,'en','Nonfiling characters: Number of nonfiling characters'),(2146,'en','Nonfiling characters: Number of nonfiling characters'),(2147,'en','Note/added entry controller: Note, no added entry'),(2148,'en','Type of title: No type specified'),(2149,'en','Note/added entry controller: Note, added entry'),(2150,'en','Type of title: Portion of title'),(2151,'en','Note/added entry controller: No note, no added entry'),(2152,'en','Type of title: Parallel title'),(2153,'en','Note/added entry controller: No note, added entry'),(2154,'en','Type of title: Distinctive title'),(2155,'en','Type of title: Other title'),(2156,'en','Type of title: Cover title'),(2157,'en','Type of title: Added title page title'),(2158,'en','Type of title: Caption title'),(2159,'en','Type of title: Running title'),(2160,'en','Type of title: Spine title'),(2161,'en','Title added entry: No added entry'),(2162,'en','Note controller: Display note'),(2163,'en','Title added entry: Added entry'),(2164,'en','Note controller: Do not display note'),(2165,'en','Undefined: Undefined'),(2166,'en','Undefined: Undefined'),(2167,'en','Undefined: Undefined'),(2168,'en','Undefined: Undefined'),(2169,'en','Undefined: Undefined'),(2170,'en','Undefined: Undefined'),(2171,'en','Undefined: Undefined'),(2172,'en','Undefined: Undefined'),(2173,'en','Undefined: Undefined'),(2174,'en','Undefined: Undefined'),(2175,'en','Undefined: Undefined'),(2176,'en','Undefined: Undefined'),(2177,'en','Sequence of publishing statements: Not applicable/No information provided/Earliest available publisher'),(2178,'en','Undefined: Undefined'),(2179,'en','Sequence of publishing statements: Intervening publisher'),(2180,'en','Sequence of publishing statements: Current/latest publisher'),(2181,'en','Undefined: Undefined'),(2182,'en','Undefined: Undefined'),(2183,'en','Sequence of statements: Not applicable/No information provided/Earliest'),(2184,'en','Function of entity: Production'),(2185,'en','Sequence of statements: Intervening'),(2186,'en','Function of entity: Publication'),(2187,'en','Sequence of statements: Current/latest'),(2188,'en','Function of entity: Distribution'),(2189,'en','Function of entity: Manufacture'),(2190,'en','Function of entity: Copyright notice date'),(2191,'en','Level: No level specified'),(2192,'en','Type of address: No type specified'),(2193,'en','Level: Primary'),(2194,'en','Type of address: Mailing'),(2195,'en','Level: Secondary'),(2196,'en','Type of address: Type specified in subfield $i'),(2197,'en','Undefined: Undefined'),(2198,'en','Undefined: Undefined'),(2199,'en','Undefined: Undefined'),(2200,'en','Undefined: Undefined'),(2201,'en','Display constant controller: Hours'),(2202,'en','Undefined: Undefined'),(2203,'en','Display constant controller: No display constant generated'),(2204,'en','Undefined: Undefined'),(2205,'en','Undefined: Undefined'),(2206,'en','Undefined: Undefined'),(2207,'en','Undefined: Undefined'),(2208,'en','Undefined: Undefined'),(2209,'en','Undefined: Undefined'),(2210,'en','Undefined: Undefined'),(2211,'en','Undefined: Undefined'),(2212,'en','Undefined: Undefined'),(2213,'en','Undefined: Undefined'),(2214,'en','Undefined: Undefined'),(2215,'en','Undefined: Undefined'),(2216,'en','Geospatial reference dimension: Horizontal coordinate system'),(2217,'en','Geospatial reference method: Geographic'),(2218,'en','Geospatial reference dimension: Vertical coordinate system'),(2219,'en','Geospatial reference method: Map projection'),(2220,'en','Geospatial reference method: Grid coordinate system'),(2221,'en','Geospatial reference method: Local planar'),(2222,'en','Geospatial reference method: Local'),(2223,'en','Geospatial reference method: Geodetic model'),(2224,'en','Geospatial reference method: Altitude'),(2225,'en','Geospatial reference method: Method specified in $2'),(2226,'en','Geospatial reference method: Depth'),(2227,'en','Undefined: Undefined'),(2228,'en','Undefined: Undefined'),(2229,'en','Undefined: Undefined'),(2230,'en','Undefined: Undefined'),(2231,'en','Undefined: Undefined'),(2232,'en','Undefined: Undefined'),(2233,'en','Undefined: Undefined'),(2234,'en','Undefined: Undefined'),(2235,'en','Undefined: Undefined'),(2236,'en','Undefined: Undefined'),(2237,'en','Undefined: Undefined'),(2238,'en','Undefined: Undefined'),(2239,'en','Undefined: Undefined'),(2240,'en','Undefined: Undefined'),(2241,'en','Controlled element: Document'),(2242,'en','Undefined: Undefined'),(2243,'en','Controlled element: Title'),(2244,'en','Controlled element: Abstract'),(2245,'en','Controlled element: Contents note'),(2246,'en','Controlled element: Author'),(2247,'en','Controlled element: Record'),(2248,'en','Controlled element: None of the above'),(2249,'en','Undefined: Undefined'),(2250,'en','Undefined: Undefined'),(2251,'en','Format of date: Formatted style'),(2252,'en','Undefined: Undefined'),(2253,'en','Format of date: Unformatted note'),(2254,'en','Start / End designator: No information provided'),(2255,'en','State of issuance: Not specified'),(2256,'en','Start / End designator: Starting information'),(2257,'en','State of issuance: Closed'),(2258,'en','Start / End designator: Ending information'),(2259,'en','State of issuance: Open'),(2260,'en','Undefined: Undefined'),(2261,'en','Undefined: Undefined'),(2262,'en','Undefined: Undefined'),(2263,'en','Undefined: Undefined'),(2264,'en','Undefined: Undefined'),(2265,'en','Source of code: MARC language code'),(2266,'en','Source of code: Source specified in subfield $2'),(2267,'en','Undefined: Undefined'),(2268,'en','Undefined: Undefined'),(2269,'en','Undefined: Undefined'),(2270,'en','Undefined: Undefined'),(2271,'en','Display constant controller: No information provided'),(2272,'en','Access control: No information provided'),(2273,'en','Display constant controller: Medium of performance'),(2274,'en','Access control: Not intended for access'),(2275,'en','Display constant controller: Partial medium of performance'),(2276,'en','Access control: Intended for access'),(2277,'en','Undefined: Undefined'),(2278,'en','Undefined: Undefined'),(2279,'en','Key type: Relationship to original unknown'),(2280,'en','Undefined: Undefined'),(2281,'en','Key type: Original key'),(2282,'en','Key type: Transposed key'),(2283,'en','Series tracing policy: Series not traced'),(2284,'en','Undefined: Undefined'),(2285,'en','Series tracing policy: Series traced'),(2286,'en','Undefined: Undefined'),(2287,'en','Undefined: Undefined'),(2288,'en','Undefined: Undefined'),(2289,'en','Undefined: Undefined'),(2290,'en','Undefined: Undefined'),(2291,'en','Undefined: Undefined'),(2292,'en','Undefined: Undefined'),(2293,'en','Undefined: Undefined'),(2294,'en','Undefined: Contents'),(2295,'en','Undefined: Basic'),(2296,'en','Undefined: Incomplete contents'),(2297,'en','Undefined: Enhanced'),(2298,'en','Undefined: Partial contents'),(2299,'en','Undefined: No display constant generated'),(2300,'en','Restriction: No information provided'),(2301,'en','Undefined: Undefined'),(2302,'en','Restriction: No restrictions'),(2303,'en','Restriction: Restrictions apply'),(2304,'en','Undefined: Undefined'),(2305,'en','Undefined: Undefined'),(2306,'en','Undefined: Undefined'),(2307,'en','Undefined: Undefined'),(2308,'en','Coverage&amp;#47;location in source: Coverage unknown'),(2309,'en','Undefined: Undefined'),(2310,'en','Coverage&amp;#47;location in source: Coverage complete'),(2311,'en','Coverage&amp;#47;location in source: Coverage is selective'),(2312,'en','Coverage&amp;#47;location in source: Location in source not given'),(2313,'en','Coverage&amp;#47;location in source: Location in source given'),(2314,'en','Display constant controller: No display constant generated'),(2315,'en','Undefined: Undefined'),(2316,'en','Display constant controller: Cast'),(2317,'en','Undefined: Undefined'),(2318,'en','Undefined: Undefined'),(2319,'en','Undefined: Undefined'),(2320,'en','Undefined: Undefined'),(2321,'en','Undefined: Undefined'),(2322,'en','Undefined: Undefined'),(2323,'en','Display constant controller: Type of file'),(2324,'en','Undefined: Undefined'),(2325,'en','Display constant controller: No display constant generated'),(2326,'en','Undefined: Undefined'),(2327,'en','Undefined: Undefined'),(2328,'en','Display constant controller: Summary'),(2329,'en','Undefined: Undefined'),(2330,'en','Display constant controller: Subject'),(2331,'en','Display constant controller: Review'),(2332,'en','Display constant controller: Scope and content'),(2333,'en','Display constant controller: Abstract '),(2334,'en','Display constant controller: Content advice'),(2335,'en','Display constant controller: No display constant generated'),(2336,'en','Display constant controller: Audience'),(2337,'en','Undefined: Undefined'),(2338,'en','Display constant controller: Reading grade level'),(2339,'en','Display constant controller: Interest age level'),(2340,'en','Display constant controller: Interest grade level'),(2341,'en','Display constant controller: Special audience characteristics'),(2342,'en','Display constant controller: Motivation&amp;#47;interest level'),(2343,'en','Display constant controller: No display constant generated'),(2344,'en','Display constant controller: Geographic coverage'),(2345,'en','Undefined: Undefined'),(2346,'en','Display constant controller: No display constant generated'),(2347,'en','Display constant controller: Cite as'),(2348,'en','Undefined: Undefined'),(2349,'en','Display constant controller: No display constant generated'),(2350,'en','Undefined: Undefined'),(2351,'en','Undefined: Undefined'),(2352,'en','Display constant controller: Reading program'),(2353,'en','Undefined: Undefined'),(2354,'en','Display constant controller: No display constant generated'),(2355,'en','Undefined: Undefined'),(2356,'en','Undefined: Undefined'),(2357,'en','Undefined: Undefined'),(2358,'en','Undefined: Undefined'),(2359,'en','Undefined: Undefined'),(2360,'en','Undefined: Undefined'),(2361,'en','Custodial role: Holder of originals'),(2362,'en','Undefined: Undefined'),(2363,'en','Custodial role: Holder of duplicates'),(2364,'en','Undefined: Undefined'),(2365,'en','Undefined: Undefined'),(2366,'en','Undefined: Undefined'),(2367,'en','Undefined: Undefined'),(2368,'en','Undefined: Undefined'),(2369,'en','Undefined: Undefined'),(2370,'en','Privacy: No information provided'),(2371,'en','Undefined: Undefined'),(2372,'en','Privacy: Private'),(2373,'en','Privacy: Not private'),(2374,'en','Privacy: No information provided'),(2375,'en','Undefined: Undefined'),(2376,'en','Privacy: Private'),(2377,'en','Privacy: Not private'),(2378,'en','Relationship: No information provided'),(2379,'en','Undefined: Undefined'),(2380,'en','Relationship: Associated materials'),(2381,'en','Relationship: Related materials'),(2382,'en','Type of data: No information provided'),(2383,'en','Undefined: Undefined'),(2384,'en','Type of data: Biographical sketch'),(2385,'en','Type of data: Administrative history'),(2386,'en','Undefined: Undefined'),(2387,'en','Undefined: Undefined'),(2388,'en','Undefined: Undefined'),(2389,'en','Undefined: Undefined'),(2390,'en','Undefined: Undefined'),(2391,'en','Undefined: Undefined'),(2392,'en','Undefined: Undefined'),(2393,'en','Undefined: Undefined'),(2394,'en','Display constant controller: Indexes'),(2395,'en','Undefined: Undefined'),(2396,'en','Display constant controller: Finding aids'),(2397,'en','Display constant controller: No display constant generated'),(2398,'en','Undefined: Undefined'),(2399,'en','Display constant controller: Documentation'),(2400,'en','Display constant controller: No display constant generated'),(2401,'en','Privacy: No information provided'),(2402,'en','Privacy: Private'),(2403,'en','Privacy: Not private'),(2404,'en','Undefined: Undefined'),(2405,'en','Undefined: Undefined'),(2406,'en','Undefined: Undefined'),(2407,'en','Undefined: Undefined'),(2408,'en','Undefined: Undefined'),(2409,'en','Display constant controller: File size'),(2410,'en','Undefined: Undefined'),(2411,'en','Display constant controller: Case file characteristics'),(2412,'en','Display constant controller: No display constant generated'),(2413,'en','Display constant controller: Methodology'),(2414,'en','Undefined: Undefined'),(2415,'en','Display constant controller: No display constant generated'),(2416,'en','Undefined: Undefined'),(2417,'en','Undefined: Undefined'),(2418,'en','Display constant controller: Publications'),(2419,'en','Undefined: Undefined'),(2420,'en','Display constant controller: No display constant generated'),(2421,'en','Privacy: No information provided'),(2422,'en','Privacy: Private'),(2423,'en','Privacy: Not private'),(2424,'en','Undefined: Undefined'),(2425,'en','Undefined: Undefined'),(2426,'en','Undefined: Undefined'),(2427,'en','Undefined: Undefined'),(2428,'en','Undefined: Undefined'),(2429,'en','Display constant controller: Awards'),(2430,'en','Undefined: Undefined'),(2431,'en','Display constant controller: No display constant generated'),(2432,'en','Undefined: Undefined'),(2433,'en','Undefined: Undefined'),(2434,'en','Type of personal name entry element: Forename'),(2435,'en','Thesaurus: Library of Congress Subject Headings'),(2436,'en','Type of personal name entry element: Surname'),(2437,'en','Thesaurus: LC subject headings for children&#39;s literature'),(2438,'en','Type of personal name entry element: Family Name'),(2439,'en','Thesaurus: Medical Subject Headings'),(2440,'en','Thesaurus: National Agricultural Library subject authority file'),(2441,'en','Thesaurus: Source not specified'),(2442,'en','Thesaurus: Canadian Subject Headings'),(2443,'en','Thesaurus: R&eacute;pertoire de vedettes-mati&egrave;re'),(2444,'en','Thesaurus: Source specified in subfield $2'),(2445,'en','Type of corporate name entry element: Inverted name'),(2446,'en','Thesaurus: Library of Congress Subject Headings'),(2447,'en','Type of corporate name entry element: Juridistion name'),(2448,'en','Thesaurus: LC subject headings for children&#39;s literature'),(2449,'en','Type of corporate name entry element: Name in direct order'),(2450,'en','Thesaurus: Medical Subject Headings'),(2451,'en','Thesaurus: National Agricultural Library subject authority file'),(2452,'en','Thesaurus: Source not specified'),(2453,'en','Thesaurus: Canadian Subject Headings'),(2454,'en','Thesaurus: R&eacute;pertoire de vedettes-mati&egrave;re'),(2455,'en','Thesaurus: Source specified in subfield $2'),(2456,'en','Type of meeting name entry element: Inverted name'),(2457,'en','Thesaurus: Library of Congress Subject Headings'),(2458,'en','Type of meeting name entry element: Jurisdiction name'),(2459,'en','Thesaurus: LC subject headings for children&#39;s literature'),(2460,'en','Type of meeting name entry element: Name in direct order'),(2461,'en','Thesaurus: Medical Subject Headings'),(2462,'en','Thesaurus: National Agricultural Library subject authority file'),(2463,'en','Thesaurus: Source not specified'),(2464,'en','Thesaurus: Canadian Subject Headings'),(2465,'en','Thesaurus: R&eacute;pertoire de vedettes-mati&egrave;re'),(2466,'en','Thesaurus: Source specified in subfield $2'),(2467,'en','Nonfiling characters: Number of nonfiling characters'),(2468,'en','Thesaurus: Library of Congress Subject Headings'),(2469,'en','Nonfiling characters: Number of nonfiling characters'),(2470,'en','Thesaurus: LC subject headings for children&#39;s literature'),(2471,'en','Nonfiling characters: Number of nonfiling characters'),(2472,'en','Thesaurus: Medical Subject Headings'),(2473,'en','Nonfiling characters: Number of nonfiling characters'),(2474,'en','Thesaurus: National Agricultural Library subject authority file'),(2475,'en','Nonfiling characters: Number of nonfiling characters'),(2476,'en','Thesaurus: Source not specified'),(2477,'en','Nonfiling characters: Number of nonfiling characters'),(2478,'en','Thesaurus: Canadian Subject Headings'),(2479,'en','Nonfiling characters: Number of nonfiling characters'),(2480,'en','Thesaurus: R&eacute;pertoire de vedettes-mati&egrave;re'),(2481,'en','Nonfiling characters: Number of nonfiling characters'),(2482,'en','Thesaurus: Source specified in subfield $2'),(2483,'en','Nonfiling characters: Number of nonfiling characters'),(2484,'en','Nonfiling characters: Number of nonfiling characters'),(2485,'en','Undefined: Undefined'),(2486,'en','Thesaurus: Library of Congress Subject Headings'),(2487,'en','Thesaurus: LC subject headings for children&#39;s literature'),(2488,'en','Thesaurus: Medical Subject Headings'),(2489,'en','Thesaurus: National Agricultural Library subject authority file'),(2490,'en','Thesaurus: Source not specified'),(2491,'en','Thesaurus: Canadian Subject Headings'),(2492,'en','Thesaurus: R&eacute;pertoire de vedettes-mati&egrave;re'),(2493,'en','Thesaurus: Source specified in subfield $2'),(2494,'en','Level of subject: No information provided'),(2495,'en','Thesaurus: Library of Congress Subject Headings'),(2496,'en','Level of subject: No level specified'),(2497,'en','Thesaurus: LC subject headings for children&#39;s literature'),(2498,'en','Level of subject: Primary'),(2499,'en','Thesaurus: Medical Subject Headings'),(2500,'en','Level of subject: Secondary'),(2501,'en','Thesaurus: National Agricultural Library subject authority file'),(2502,'en','Thesaurus: Source not specified'),(2503,'en','Thesaurus: Canadian Subject Headings'),(2504,'en','Thesaurus: R&eacute;pertoire de vedettes-mati&egrave;re'),(2505,'en','Thesaurus: Source specified in subfield $2'),(2506,'en','Undefined: Undefined'),(2507,'en','Thesaurus: Library of Congress Subject Headings'),(2508,'en','Thesaurus: LC subject headings for children&#39;s literature'),(2509,'en','Thesaurus: Medical Subject Headings'),(2510,'en','Thesaurus: National Agricultural Library subject authority file'),(2511,'en','Thesaurus: Source not specified'),(2512,'en','Thesaurus: Canadian Subject Headings'),(2513,'en','Thesaurus: R&eacute;pertoire de vedettes-mati&egrave;re'),(2514,'en','Thesaurus: Source specified in subfield $2'),(2515,'en','Level of index term: No information provided'),(2516,'en','Type of term or name: No information provided'),(2517,'en','Level of index term: No level specified'),(2518,'en','Type of term or name: Topical term'),(2519,'en','Level of index term: Primary'),(2520,'en','Type of term or name: Personal name'),(2521,'en','Level of index term: Secondary'),(2522,'en','Type of term or name: Corporate name'),(2523,'en','Type of term or name: Meeting name'),(2524,'en','Type of term or name: Chronological term'),(2525,'en','Type of term or name: Geographic name'),(2526,'en','Type of term or name: Genre&amp;#47;form term'),(2527,'en','Level of subject: No information provided'),(2528,'en','Undefined: Undefined'),(2529,'en','Level of subject: No level specified'),(2530,'en','Level of subject: Primary'),(2531,'en','Level of subject: Secondary'),(2532,'en','Type of heading: Basic'),(2533,'en','Thesaurus: Library of Congress Subject Headings'),(2534,'en','Type of heading: Faceted'),(2535,'en','Thesaurus: LC subject headings for children&#39;s literature'),(2536,'en','Thesaurus: Medical Subject Headings'),(2537,'en','Thesaurus: National Agricultural Library subject authority file'),(2538,'en','Thesaurus: Source not specified'),(2539,'en','Thesaurus: Canadian Subject Headings'),(2540,'en','Thesaurus: R&eacute;pertoire de vedettes-mati&egrave;re'),(2541,'en','Thesaurus: Source specified in subfield $2'),(2542,'en','Undefined: Undefined'),(2543,'en','Source of term: Source specified in subfield $2'),(2544,'en','Undefined: Undefined'),(2545,'en','Source of term: Source specified in subfield $2'),(2546,'en','Undefined: Undefined'),(2547,'en','Undefined: Undefined'),(2548,'en','Undefined: Undefined'),(2549,'en','Undefined: Undefined'),(2550,'en','Type of personal name entry element: Forename'),(2551,'en','Type of added entry: No information provided'),(2552,'en','Type of personal name entry element: Surname'),(2553,'en','Type of added entry: Analytical entry'),(2554,'en','Type of personal name entry element: Family name'),(2555,'en','Type or corporate name entry element: Inverted name'),(2556,'en','Type of added entry: No information provided'),(2557,'en','Type or corporate name entry element: Jurisdiction name'),(2558,'en','Type of added entry: Analytical entry'),(2559,'en','Type or corporate name entry element: Name in direct order'),(2560,'en','Type of meeting name entry element: Inverted name'),(2561,'en','Type of added entry: No information provided'),(2562,'en','Type of meeting name entry element: Jurisdiction name'),(2563,'en','Type of added entry: Analytical entry'),(2564,'en','Type of meeting name entry element: Name in direct order'),(2565,'en','Type of name: Not specified'),(2566,'en','Undefined: Undefined'),(2567,'en','Type of name: Personal'),(2568,'en','Type of name: Other'),(2569,'en','Nonfiling characters: Number of nonfiling characters'),(2570,'en','Type of added entry: No information provided'),(2571,'en','Nonfiling characters: Number of nonfiling characters'),(2572,'en','Type of added entry: Analytical entry'),(2573,'en','Nonfiling characters: Number of nonfiling characters'),(2574,'en','Nonfiling characters: Number of nonfiling characters'),(2575,'en','Nonfiling characters: Number of nonfiling characters'),(2576,'en','Nonfiling characters: Number of nonfiling characters'),(2577,'en','Nonfiling characters: Number of nonfiling characters'),(2578,'en','Nonfiling characters: Number of nonfiling characters'),(2579,'en','Nonfiling characters: Number of nonfiling characters'),(2580,'en','Nonfiling characters: Number of nonfiling characters'),(2581,'en','Nonfiling characters: No nonfiling characters'),(2582,'en','Type of added entry: No information provided'),(2583,'en','Nonfiling characters: Number of nonfiling characters'),(2584,'en','Type of added entry: Analytical entry'),(2585,'en','Nonfiling characters: Number of nonfiling characters'),(2586,'en','Nonfiling characters: Number of nonfiling characters'),(2587,'en','Nonfiling characters: Number of nonfiling characters'),(2588,'en','Nonfiling characters: Number of nonfiling characters'),(2589,'en','Nonfiling characters: Number of nonfiling characters'),(2590,'en','Nonfiling characters: Number of nonfiling characters'),(2591,'en','Nonfiling characters: Number of nonfiling characters'),(2592,'en','Nonfiling characters: Number of nonfiling characters'),(2593,'en','Undefined: Undefined'),(2594,'en','Undefined: Undefined'),(2595,'en','Undefined: Undefined'),(2596,'en','Undefined: Undefined'),(2597,'en','Undefined: Undefined'),(2598,'en','Undefined: Undefined'),(2599,'en','Undefined: Undefined'),(2600,'en','Undefined: Undefined'),(2601,'en','Note controller: Display note'),(2602,'en','Display constant controller: Main series'),(2603,'en','Note controller: Do not display note'),(2604,'en','Display constant controller: No display constant generated'),(2605,'en','Note controller: Display note'),(2606,'en','Display constant controller: Has subseries'),(2607,'en','Note controller: Do not display note'),(2608,'en','Display constant controller: No display constant generated'),(2609,'en','Note controller: Display note'),(2610,'en','Display constant controller: Translation of'),(2611,'en','Note controller: Do not display note'),(2612,'en','Display constant controller: No display constant generated'),(2613,'en','Note controller: Display note'),(2614,'en','Display constant controller: Translated as'),(2615,'en','Note controller: Do not display note'),(2616,'en','Display constant controller: No display constant generated'),(2617,'en','Note controller: Display note'),(2618,'en','Display constant controller: Has supplement'),(2619,'en','Note controller: Do not display note'),(2620,'en','Display constant controller: No display constant generated'),(2621,'en','Note controller: Display note'),(2622,'en','Display constant controller: Supplement to'),(2623,'en','Note controller: Do not display note'),(2624,'en','Display constant controller: Parent'),(2625,'en','Display constant controller: No display constant generated'),(2626,'en','Note controller: Display note'),(2627,'en','Display constant controller: In'),(2628,'en','Note controller: Do not display note'),(2629,'en','Display constant controller: No display constant generated'),(2630,'en','Note controller: Display note'),(2631,'en','Display constant controller: Constituent unit'),(2632,'en','Note controller: Do not display note'),(2633,'en','Display constant controller: No display constant generated'),(2634,'en','Note controller: Display note'),(2635,'en','Display constant controller: Other edition available'),(2636,'en','Note controller: Do not display note'),(2637,'en','Display constant controller: No display constant generated'),(2638,'en','Note controller: Display note'),(2639,'en','Display constant controller: Available in another form'),(2640,'en','Note controller: Do not display note'),(2641,'en','Display constant controller: No display constant generated'),(2642,'en','Note controller: Display note'),(2643,'en','Display constant controller: Issued with'),(2644,'en','Note controller: Do not display note'),(2645,'en','Display constant controller: No display constant generated'),(2646,'en','Note controller: Display note'),(2647,'en','Type of relationship: Continues'),(2648,'en','Note controller: Do not display note'),(2649,'en','Type of relationship: Continues in part'),(2650,'en','Type of relationship: Supersedes'),(2651,'en','Type of relationship: Supersedes in part'),(2652,'en','Type of relationship: Formed by the union of ... and&hellip;.'),(2653,'en','Type of relationship: Absorbed'),(2654,'en','Type of relationship: Absorbed in part'),(2655,'en','Type of relationship: Separated from'),(2656,'en','Note controller: Display note'),(2657,'en','Type of relationship: Continued by'),(2658,'en','Note controller: Do not display note'),(2659,'en','Type of relationship: Continued in part by'),(2660,'en','Type of relationship: Superseded by'),(2661,'en','Type of relationship: Superseded in part by'),(2662,'en','Type of relationship: Absorbed by'),(2663,'en','Type of relationship: Absorbed in part by'),(2664,'en','Type of relationship: Split into&hellip;and&hellip;'),(2665,'en','Type of relationship: Merged with ... to form...'),(2666,'en','Type of relationship: Changed back to'),(2667,'en','Note controller: Display note'),(2668,'en','Display constant controller: Data source'),(2669,'en','Note controller: Do not display note'),(2670,'en','Display constant controller: No display constant generated'),(2671,'en','Note controller: Display note'),(2672,'en','Display constant controller: Related item'),(2673,'en','Note controller: Do not display note'),(2674,'en','Display constant controller: No display constant generated'),(2675,'en','Type of personal name entry element: Forename'),(2676,'en','Undefined: Undefined'),(2677,'en','Type of personal name entry element: Surname'),(2678,'en','Type of personal name entry element: Family Name'),(2679,'en','Type of corporate name entry element: Inverted name'),(2680,'en','Undefined: Undefined'),(2681,'en','Type of corporate name entry element: Jurisdiction name'),(2682,'en','Type of corporate name entry element: Name in direct order'),(2683,'en','Type of corporate name entry element: Inverted name'),(2684,'en','Undefined: Undefined'),(2685,'en','Type of corporate name entry element: Juridistion name'),(2686,'en','Type of corporate name entry element: Name in direct order'),(2687,'en','Undefined: Undefined'),(2688,'en','Nonfiling characters: No nonfiling characters'),(2689,'en','Nonfiling characters: Number of nonfiling characters'),(2690,'en','Nonfiling characters: Number of nonfiling characters'),(2691,'en','Nonfiling characters: Number of nonfiling characters'),(2692,'en','Nonfiling characters: Number of nonfiling characters'),(2693,'en','Nonfiling characters: Number of nonfiling characters'),(2694,'en','Nonfiling characters: Number of nonfiling characters'),(2695,'en','Nonfiling characters: Number of nonfiling characters'),(2696,'en','Nonfiling characters: Number of nonfiling characters'),(2697,'en','Nonfiling characters: Number of nonfiling characters'),(2698,'en','Undefined: Undefined'),(2699,'en','Undefined: Undefined'),(2700,'en','Undefined: Undefined'),(2701,'en','Undefined: Undefined'),(2702,'en','Undefined: Undefined'),(2703,'en','Undefined: Undefined'),(2704,'en','Undefined: Undefined'),(2705,'en','Undefined: Undefined'),(2706,'en','Undefined: Undefined'),(2707,'en','Undefined: Undefined'),(2708,'en','Undefined: Undefined'),(2709,'en','Undefined: Undefined'),(2710,'en','Shelving scheme: No information provided'),(2711,'en','Shelving order: No information provided'),(2712,'en','Shelving scheme: Library of Congress classification'),(2713,'en','Shelving order: Not enumeration'),(2714,'en','Shelving scheme: Dewey Decimal classification'),(2715,'en','Shelving order: Primary enumeration'),(2716,'en','Shelving scheme: National Library of Medicine classification'),(2717,'en','Shelving order: Alternative enumeration'),(2718,'en','Shelving scheme: Superintendent of Document classification'),(2719,'en','Shelving scheme: Shelving control number'),(2720,'en','Shelving scheme: Title'),(2721,'en','Shelving scheme: Shelved separately'),(2722,'en','Shelving scheme: Source specified in subfield $2'),(2723,'en','Shelving scheme: Other scheme'),(2724,'en','Compressibility and expandability: Cannot compress or expand'),(2725,'en','Caption evaluation: Captions verified; all levels present'),(2726,'en','Compressibility and expandability: Can compress but not expand'),(2727,'en','Caption evaluation: Captions verified; all levels may not be present'),(2728,'en','Compressibility and expandability: Can compress or expand'),(2729,'en','Caption evaluation: Captions unverified; all levels present'),(2730,'en','Compressibility and expandability: Unknown'),(2731,'en','Caption evaluation: Captions unverified; all levels may not be present'),(2732,'en','Compressibility and expandability: Cannot compress or expand'),(2733,'en','Caption evaluation: Captions verified; all levels present'),(2734,'en','Compressibility and expandability: Can compress but not expand'),(2735,'en','Caption evaluation: Captions verified; all levels may not be present'),(2736,'en','Compressibility and expandability: Can compress or expand'),(2737,'en','Caption evaluation: Captions unverified; all levels present'),(2738,'en','Compressibility and expandability: Unknown'),(2739,'en','Caption evaluation: Captions unverified; all levels may not be present'),(2740,'en','Undefined: Undefined'),(2741,'en','Undefined: Undefined'),(2742,'en','Access method: No information provided'),(2743,'en','Relationship: No information provided'),(2744,'en','Access method: E-mail'),(2745,'en','Relationship: Resource'),(2746,'en','Access method: FTP'),(2747,'en','Relationship: Version of resource'),(2748,'en','Access method: Remote login &amp;#40;Telnet&amp;#41;'),(2749,'en','Relationship: Related resource'),(2750,'en','Access method: Dial-up'),(2751,'en','Relationship: No display constant generated'),(2752,'en','Access method: HTTP'),(2753,'en','Access method: Method specidied in subfield $2.'),(2754,'en','Field encoding level: No information provided'),(2755,'en','Form of holdings: No information provided'),(2756,'en','Field encoding level: Holdings level 3'),(2757,'en','Form of holdings: Compressed'),(2758,'en','Field encoding level: Holdings level 4'),(2759,'en','Form of holdings: Uncompressed'),(2760,'en','Field encoding level: Holdings level 4 with piece designation'),(2761,'en','Form of holdings: Compressed, use textual display'),(2762,'en','Form of holdings: Uncompressed, use textual display'),(2763,'en','Form of holdings: Item &amp;#40;s&amp;#41; not published'),(2764,'en','Field encoding level: No information provided'),(2765,'en','Form of holdings: No information provided'),(2766,'en','Field encoding level: Holdings level 3'),(2767,'en','Form of holdings: Compressed'),(2768,'en','Field encoding level: Holdings level 4'),(2769,'en','Form of holdings: Uncompressed'),(2770,'en','Field encoding level: Holdings level 4 with piece designation'),(2771,'en','Form of holdings: Compressed, use textual display'),(2772,'en','Form of holdings: Uncompressed, use textual display'),(2773,'en','Form of holdings: Item &amp;#40;s&amp;#41; not published'),(2774,'en','Field encoding level: No information provided'),(2775,'en','Form of holdings: No information provided'),(2776,'en','Field encoding level: Holdings level 3'),(2777,'en','Form of holdings: Compressed'),(2778,'en','Field encoding level: Holdings level 4'),(2779,'en','Form of holdings: Uncompressed'),(2780,'en','Field encoding level: Holdings level 4 with piece designation'),(2781,'en','Form of holdings: Compressed, use textual display'),(2782,'en','Form of holdings: Uncompressed, use textual display'),(2783,'en','Form of holdings: Item &amp;#40;s&amp;#41; not published'),(2784,'en','Field encoding level: No information provided'),(2785,'en','Type of notation: Non-stardard'),(2786,'en','Field encoding level: Holdings level 3'),(2787,'en','Type of notation: ANSI&amp;#47;NISO Z39.71 or ISO 10324'),(2788,'en','Field encoding level: Holdings level 4'),(2789,'en','Type of notation: ANSI Z39.42'),(2790,'en','Field encoding level: Holdings level 4 with piece designation'),(2791,'en','Type of notation: Source specified in subfield $2'),(2792,'en','Field encoding level: No information provided'),(2793,'en','Type of notation: Non-stardard'),(2794,'en','Field encoding level: Holdings level 3'),(2795,'en','Type of notation: ANSI&amp;#47;NISO Z39.71 or ISO 10324'),(2796,'en','Field encoding level: Holdings level 4'),(2797,'en','Type of notation: ANSI Z39.42'),(2798,'en','Field encoding level: Holdings level 4 with piece designation'),(2799,'en','Type of notation: Source specified in subfield $2'),(2800,'en','Field encoding level: No information provided'),(2801,'en','Type of notation: Non-stardard'),(2802,'en','Field encoding level: Holdings level 3'),(2803,'en','Type of notation: ANSI&amp;#47;NISO Z39.71 or ISO 10324'),(2804,'en','Field encoding level: Holdings level 4'),(2805,'en','Type of notation: ANSI Z39.42'),(2806,'en','Field encoding level: Holdings level 4 with piece designation'),(2807,'en','Type of notation: Source specified in subfield $2'),(2808,'en','Undefined: Undefined'),(2809,'en','Undefined: Undefined'),(2810,'en','Undefined: Undefined'),(2811,'en','Undefined: Undefined'),(2812,'en','Undefined: Undefined'),(2813,'en','Undefined: Undefined'),(2814,'en','Undefined: Undefined'),(2815,'en','Undefined: Undefined'),(2816,'en','Type of field: Leader'),(2817,'en','Undefined: Undefined'),(2818,'en','Type of field: Variable control fields &amp;#40;002 -009&amp;#41;'),(2819,'en','Type of field: Variable data fields &amp;#40;010 - 999&amp;#41;'),(2820,'en','Undefined: Undefined'),(2821,'en','Undefined: Undefined'),(1279,'en','Undefined'),(1280,'en','Undefined'),(1281,'en','Undefined'),(1282,'en','Undefined'),(1283,'en','Undefined'),(1284,'en','Undefined'),(1285,'en','Undefined'),(1286,'en','Undefined'),(1287,'en','National bibliographic agency'),(1288,'en','Undefined'),(1289,'en','Library and Archives Canada'),(1290,'en','Undefined'),(1291,'en','Source specified in subfield $2 '),(1292,'en','Undefined'),(1293,'en','Undefined'),(1294,'en','Undefined'),(1295,'en','Undefined'),(1296,'en','Undefined'),(1297,'en','Undefined'),(1298,'en','Undefined'),(1299,'en','Undefined'),(1300,'en','Type of standard number or code'),(1301,'en','Undefined'),(1302,'en','Source specified in subfield $2'),(1303,'en','Undefined'),(1304,'en','Unspecified type of standard number or code'),(1305,'en','Undefined'),(1306,'en','Undefined'),(1307,'en','Undefined'),(1308,'en','Undefined'),(1309,'en','Undefined'),(1310,'en','Type of ring'),(1311,'en','Undefined'),(1312,'en','Not applicable '),(1313,'en','Outer ring '),(1314,'en','Exclusion ring '),(1315,'en','Undefined'),(1316,'en','Undefined'),(1317,'en','Undefined'),(1318,'en','Undefined'),(1319,'en','Undefined'),(1320,'en','Undefined'),(1321,'en','Undefined'),(1322,'en','Undefined'),(1323,'en','Undefined'),(1324,'en','Undefined'),(1325,'en','Undefined'),(1326,'en','Undefined'),(1327,'en','Undefined'),(1328,'en','Undefined'),(1329,'en','Undefined'),(1330,'en','Undefined'),(1331,'en','Type of time period in subfield $b or $c'),(1332,'en','Undefined'),(1333,'en','Subfield $b or $c not present'),(1334,'en','Undefined'),(1335,'en','Single date/time'),(1336,'en','Multiple single dates/times'),(1337,'en','Range of dates/times'),(1338,'en','Undefined'),(1339,'en','Undefined'),(1340,'en','Undefined'),(1341,'en','Undefined'),(1342,'en','Undefined'),(1343,'en','Source of call number'),(1344,'en','Undefined'),(1345,'en','Assigned by LC'),(1346,'en','Assigned by agency other than LC'),(1347,'en','Code source'),(1348,'en','Undefined'),(1349,'en','Library of Congress Classification'),(1350,'en','Undefined'),(1351,'en','U.S. Dept. of Defense Classification'),(1352,'en','Source specified in subfield $2'),(1353,'en','Undefined'),(1354,'en','Source of classification number'),(1355,'en','Undefined'),(1356,'en','Assigned by LC'),(1357,'en','Assigned by agency other than LC'),(1358,'en','Undefined'),(1359,'en','Source of call number'),(1360,'en','Undefined'),(1361,'en','Assigned by LAC'),(1362,'en','Assigned by agency other than LAC'),(1363,'en','Undefined'),(1364,'en','Source of call number'),(1365,'en','Undefined'),(1366,'en','Assigned by NLM'),(1367,'en','Assigned by agency other than NLM'),(1368,'en','Undefined'),(1369,'en','Undefined'),(1370,'en','Undefined'),(1371,'en','Undefined'),(1372,'en','Undefined'),(1373,'en','Undefined'),(1374,'en','Undefined'),(1375,'en','Undefined'),(1376,'en','Undefined'),(1377,'en','Undefined'),(1378,'en','Undefined'),(1379,'en','Undefined'),(1380,'en','Undefined'),(1381,'en','Code source'),(1382,'en','Undefined'),(1383,'en','No information provided'),(1384,'en','NAL subject category code list'),(1385,'en','Source specified in subfield $2'),(1386,'en','Undefined'),(1387,'en','Undefined'),(1388,'en','Undefined'),(1389,'en','Undefined'),(1390,'en','Type of edition'),(1391,'en','Undefined'),(1392,'en','No information provided'),(1393,'en','Undefined'),(1394,'en','Full'),(1395,'en','Abridged'),(1396,'en','Type of edition'),(1397,'en','Source of call number'),(1398,'en','Full'),(1399,'en','No information provided'),(1400,'en','Abridged'),(1401,'en','Assigned by LC'),(1402,'en','Assigned by agency other than LC'),(1403,'en','Type of edition'),(1404,'en','Source of classification number'),(1405,'en','Full'),(1406,'en','Assigned by LC'),(1407,'en','Abridged'),(1408,'en','Assigned by agency other than LC'),(1409,'en','Number source'),(1410,'en','Undefined'),(1411,'en','Source specified in subfield $2'),(1412,'en','Undefined'),(1413,'en','Superintendent of Documents Classification System'),(1414,'en','Government of Canada Publications: Outline of Classification'),(1415,'en','Number source'),(1416,'en','Undefined'),(1417,'en','Source specified in subfield $2'),(1418,'en','Undefined'),(1419,'en','Superintendent of Documents Classification System'),(1420,'en','Government of Canada Publications: Outline of Classification'),(1421,'en','Type of personal name entry element'),(1422,'en','Undefined'),(1423,'en','Forename'),(1424,'en','Undefined'),(1425,'en','Surname'),(1426,'en','Family name'),(1427,'en','Type of corporate name entry element'),(1428,'en','Undefined'),(1429,'en','Inverted name'),(1430,'en','Undefined'),(1431,'en','Jurisdiction name'),(1432,'en','Name in direct order'),(1433,'en','Type of meeting name entry element'),(1434,'en','Undefined'),(1435,'en','Inverted name'),(1436,'en','Undefined'),(1437,'en','Jurisdiction name'),(1438,'en','Name in direct order'),(1439,'en','Undefined'),(1440,'en','Nonfiling characters'),(1441,'en','Undefined'),(1442,'en','0-9 - Number of nonfiling characters'),(1443,'en','Undefined'),(1444,'en','Undefined'),(1445,'en','Undefined'),(1446,'en','Undefined'),(1447,'en','Undefined'),(1448,'en','Undefined'),(1449,'en','Undefined'),(1450,'en','Undefined'),(1451,'en','Undefined'),(1452,'en','Undefined'),(1453,'en','Undefined'),(1454,'en','Undefined'),(1455,'en','Undefined'),(1456,'en','Undefined'),(1457,'en','Undefined'),(1458,'en','Undefined'),(1459,'en','Undefined'),(1460,'en','Undefined'),(1461,'en','Undefined'),(1462,'en','Undefined'),(1463,'en','Undefined'),(1464,'en','Undefined'),(1465,'en','Undefined'),(1466,'en','Undefined'),(1467,'en','Undefined'),(1468,'en','Undefined'),(1469,'en','Undefined'),(1470,'en','Undefined'),(1471,'en','Undefined'),(1472,'en','Undefined'),(1473,'en','Undefined'),(1474,'en','Undefined'),(1475,'en','Undefined'),(1476,'en','Undefined'),(1477,'en','Undefined'),(1478,'en','Undefined'),(1479,'en','Undefined'),(1480,'en','Undefined'),(1481,'en','Undefined'),(1482,'en','Undefined'),(1483,'en','Undefined'),(1484,'en','Undefined'),(1485,'en','Undefined'),(1486,'en','Undefined'),(1487,'en','Undefined'),(1488,'en','Undefined'),(1489,'en','Undefined'),(1490,'en','Undefined'),(1491,'en','Undefined'),(1492,'en','Undefined'),(1493,'en','Undefined'),(1494,'en','Undefined'),(1495,'en','Undefined'),(1496,'en','Undefined'),(1497,'en','Undefined'),(1498,'en','Undefined'),(1499,'en','Undefined'),(1500,'en','Undefined'),(1501,'en','Undefined'),(1502,'en','Undefined'),(1503,'en','Undefined'),(1504,'en','Undefined'),(1505,'en','Undefined'),(1506,'en','Undefined'),(1507,'en','Undefined'),(1508,'en','Undefined'),(1509,'en','Undefined'),(1510,'en','Undefined'),(1511,'en','Undefined'),(1512,'en','Undefined'),(1513,'en','Undefined'),(1514,'en','Undefined'),(1515,'en','Undefined'),(1516,'en','Source of code'),(1517,'en','Undefined'),(1518,'en','MARC language code'),(1519,'en','Source specified in $2'),(1520,'en','Undefined'),(1521,'en','Undefined'),(1522,'en','Undefined'),(1523,'en','Undefined'),(1524,'en','Undefined'),(1525,'en','Undefined'),(1526,'en','Undefined'),(1527,'en','Undefined'),(1528,'en','Undefined'),(1529,'en','Undefined'),(1530,'en','Undefined'),(1531,'en','Undefined'),(1532,'en','Undefined'),(1533,'en','Undefined'),(1534,'en','Undefined'),(1535,'en','Undefined'),(1536,'en','Key type'),(1537,'en','Undefined'),(1538,'en','Relationship to original unknown '),(1539,'en','Undefined'),(1540,'en','Original key '),(1541,'en','Transposed key '),(1542,'en','Type of personal name element'),(1543,'en','Undefined'),(1544,'en','Forename'),(1545,'en','Undefined'),(1546,'en','Surname'),(1547,'en','Family name'),(1548,'en','Type of corporate name entry element'),(1549,'en','Undefined'),(1550,'en','Inverted name'),(1551,'en','Undefined'),(1552,'en','Jurisdiction name'),(1553,'en','Name in direct order'),(1554,'en','Type of meeting name entry element'),(1555,'en','Undefined'),(1556,'en','Inverted name'),(1557,'en','Undefined'),(1558,'en','Jurisdiction name'),(1559,'en','Name in direct order'),(1560,'en','Undefined'),(1561,'en','Nonfiling characters'),(1562,'en','Undefined'),(1563,'en','0-9 - Number of nonfiling characters'),(1564,'en','Undefined'),(1565,'en','Undefined'),(1566,'en','Undefined'),(1567,'en','Undefined'),(1568,'en','Undefined'),(1569,'en','Undefined'),(1570,'en','Undefined'),(1571,'en','Undefined'),(1572,'en','Undefined'),(1573,'en','Undefined'),(1574,'en','Undefined'),(1575,'en','Undefined'),(1576,'en','Undefined'),(1577,'en','Undefined'),(1578,'en','Undefined'),(1579,'en','Undefined'),(1580,'en','Undefined'),(1581,'en','Undefined'),(1582,'en','Undefined'),(1583,'en','Undefined'),(1584,'en','Undefined'),(1585,'en','Undefined'),(1586,'en','Undefined'),(1587,'en','Undefined'),(1588,'en','Undefined'),(1589,'en','Undefined'),(1590,'en','Undefined'),(1591,'en','Undefined'),(1592,'en','Undefined'),(1593,'en','Undefined'),(1594,'en','Undefined'),(1595,'en','Undefined'),(1596,'en','Type of personal name entry element'),(1597,'en','Undefined'),(1598,'en','Forename'),(1599,'en','Undefined'),(1600,'en','Surname'),(1601,'en','Family name'),(1602,'en','Type of corporate name entry element'),(1603,'en','Undefined'),(1604,'en','Inverted name'),(1605,'en','Undefined'),(1606,'en','Jurisdiction name'),(1607,'en','Name in direct order'),(1608,'en','Type of meeting name entry element'),(1609,'en','Undefined'),(1610,'en','Inverted name'),(1611,'en','Undefined'),(1612,'en','Jurisdiction name'),(1613,'en','Name in direct order'),(1614,'en','Undefined'),(1615,'en','Nonfiling characters'),(1616,'en','Undefined'),(1617,'en','0-9 - Number of nonfiling characters'),(1618,'en','Undefined'),(1619,'en','Undefined'),(1620,'en','Undefined'),(1621,'en','Undefined'),(1622,'en','Undefined'),(1623,'en','Undefined'),(1624,'en','Undefined'),(1625,'en','Undefined'),(1626,'en','Undefined'),(1627,'en','Undefined'),(1628,'en','Undefined'),(1629,'en','Undefined'),(1630,'en','Undefined'),(1631,'en','Undefined'),(1632,'en','Undefined'),(1633,'en','Undefined'),(1634,'en','Undefined'),(1635,'en','Undefined'),(1636,'en','Undefined'),(1637,'en','Undefined'),(1638,'en','Undefined'),(1639,'en','Undefined'),(1640,'en','Undefined'),(1641,'en','Undefined'),(1642,'en','Undefined'),(1643,'en','Undefined'),(1644,'en','Undefined'),(1645,'en','Undefined'),(1646,'en','Undefined'),(1647,'en','Undefined'),(1648,'en','Undefined'),(1649,'en','Undefined'),(1650,'en','Note format style'),(1651,'en','Undefined'),(1652,'en','Formatted style'),(1653,'en','Undefined'),(1654,'en','Unformatted style'),(1655,'en','Undefined'),(1656,'en','Undefined'),(1657,'en','Undefined'),(1658,'en','Undefined'),(1659,'en','Undefined'),(1660,'en','Undefined'),(1661,'en','Undefined'),(1662,'en','Undefined'),(1663,'en','Undefined'),(1664,'en','Undefined'),(1665,'en','Undefined'),(1666,'en','Undefined'),(1667,'en','Undefined'),(1668,'en','Undefined'),(1669,'en','Undefined'),(1670,'en','Undefined'),(1671,'en','Undefined'),(1672,'en','Undefined'),(1673,'en','Undefined'),(1674,'en','Undefined'),(1675,'en','Undefined'),(1676,'en','Undefined'),(1677,'en','Undefined'),(1678,'en','Undefined'),(1679,'en','Undefined'),(1680,'en','Undefined'),(1681,'en','Undefined'),(1682,'en','Undefined'),(1683,'en','Undefined'),(1684,'en','Undefined'),(1685,'en','Undefined'),(1686,'en','Undefined'),(1687,'en','Undefined'),(1688,'en','Undefined'),(1689,'en','Undefined'),(1690,'en','Undefined'),(1691,'en','Undefined'),(1692,'en','Undefined'),(1693,'en','Undefined'),(1694,'en','Undefined'),(1695,'en','Undefined'),(1696,'en','Undefined'),(1697,'en','Undefined'),(1698,'en','Undefined'),(1699,'en','Undefined'),(1700,'en','Undefined'),(1701,'en','Undefined'),(1702,'en','Undefined'),(1703,'en','Undefined'),(1704,'en','Undefined'),(1705,'en','Undefined'),(1706,'en','Undefined'),(1707,'en','Type of data'),(1708,'en','Undefined'),(1709,'en','No information provided'),(1710,'en','Undefined'),(1711,'en','Biographical sketch'),(1712,'en','Administrative history'),(1713,'en','Undefined'),(1714,'en','Undefined'),(1715,'en','Undefined'),(1716,'en','Undefined'),(1717,'en','Undefined'),(1718,'en','Undefined'),(1719,'en','Undefined'),(1720,'en','Undefined'),(1721,'en','Undefined'),(1722,'en','Undefined'),(1723,'en','Undefined'),(1724,'en','Undefined'),(1725,'en','Undefined'),(1726,'en','Undefined'),(1727,'en','Undefined'),(1728,'en','Undefined'),(1729,'en','Type of personal name entry element'),(1730,'en','Thesaurus'),(1731,'en','Forename'),(1732,'en','Library of Congress Subject Headings'),(1733,'en','Surname'),(1734,'en','LC subject headings for children\'s literature'),(1735,'en','Family name'),(1736,'en','Medical Subject Headings'),(1737,'en','National Agricultural Library subject authority file'),(1738,'en','Source not specified'),(1739,'en','Canadian Subject Headings'),(1740,'en','Rpertoire de vedettes-matire'),(1741,'en','Source specified in subfield $2'),(1742,'en','Type of corporate name entry element'),(1743,'en','Thesaurus'),(1744,'en','Inverted name'),(1745,'en','Library of Congress Subject Headings'),(1746,'en','Jurisdiction name'),(1747,'en','LC subject headings for children\'s literature'),(1748,'en','Name in direct order'),(1749,'en','Medical Subject Headings'),(1750,'en','National Agricultural Library subject authority file'),(1751,'en','Source not specified'),(1752,'en','Canadian Subject Headings'),(1753,'en','Rpertoire de vedettes-matire'),(1754,'en','Source specified in subfield $2'),(1755,'en','Type of meeting name entry element'),(1756,'en','Thesaurus'),(1757,'en','Inverted name'),(1758,'en','Library of Congress Subject Headings'),(1759,'en','Jurisdiction name'),(1760,'en','LC subject headings for children\'s literature'),(1761,'en','Name in direct order'),(1762,'en','Medical Subject Headings'),(1763,'en','National Agricultural Library subject authority file'),(1764,'en','Source not specified'),(1765,'en','Canadian Subject Headings'),(1766,'en','Rpertoire de vedettes-matire'),(1767,'en','Source specified in subfield $2'),(1768,'en','Undefined'),(1769,'en','Thesaurus'),(1770,'en','Undefined'),(1771,'en','Library of Congress Subject Headings'),(1772,'en','LC subject headings for children\'s literature'),(1773,'en','Medical Subject Headings'),(1774,'en','National Agricultural Library subject authority file'),(1775,'en','Source not specified'),(1776,'en','Canadian Subject Headings'),(1777,'en','Rpertoire de vedettes-matire'),(1778,'en','Source specified in subfield $2'),(1779,'en','Undefined'),(1780,'en','Thesaurus'),(1781,'en','Undefined'),(1782,'en','Library of Congress Subject Headings'),(1783,'en','LC subject headings for children\'s literature'),(1784,'en','Medical Subject Headings'),(1785,'en','National Agricultural Library subject authority file'),(1786,'en','Source not specified'),(1787,'en','Canadian Subject Headings'),(1788,'en','Rpertoire de vedettes-matire'),(1789,'en','Source specified in subfield $2'),(1790,'en','Undefined'),(1791,'en','Thesaurus'),(1792,'en','Undefined'),(1793,'en','Library of Congress Subject Headings'),(1794,'en','LC subject headings for children\'s literature'),(1795,'en','Medical Subject Headings'),(1796,'en','National Agricultural Library subject authority file'),(1797,'en','Source not specified'),(1798,'en','Canadian Subject Headings'),(1799,'en','Rpertoire de vedettes-matire'),(1800,'en','Source specified in subfield $2'),(1801,'en','Undefined'),(1802,'en','Thesaurus'),(1803,'en','Undefined'),(1804,'en','Library of Congress Subject Headings'),(1805,'en','LC subject headings for children\'s literature'),(1806,'en','Medical Subject Headings'),(1807,'en','National Agricultural Library subject authority file'),(1808,'en','Source not specified'),(1809,'en','Canadian Subject Headings'),(1810,'en','Rpertoire de vedettes-matire'),(1811,'en','Source specified in subfield $2'),(1812,'en','Undefined'),(1813,'en','Thesaurus'),(1814,'en','Undefined'),(1815,'en','Library of Congress Subject Headings'),(1816,'en','LC subject headings for children\'s literature'),(1817,'en','Medical Subject Headings'),(1818,'en','National Agricultural Library subject authority file'),(1819,'en','Source not specified'),(1820,'en','Canadian Subject Headings'),(1821,'en','Rpertoire de vedettes-matire'),(1822,'en','Source specified in subfield $2'),(1823,'en','Undefined'),(1824,'en','Thesaurus'),(1825,'en','Undefined'),(1826,'en','Library of Congress Subject Headings'),(1827,'en','LC subject headings for children\'s literature'),(1828,'en','Medical Subject Headings'),(1829,'en','National Agricultural Library subject authority file'),(1830,'en','Source not specified'),(1831,'en','Canadian Subject Headings'),(1832,'en','Rpertoire de vedettes-matire'),(1833,'en','Source specified in subfield $2'),(1834,'en','Undefined'),(1835,'en','Thesaurus'),(1836,'en','Undefined'),(1837,'en','Library of Congress Subject Headings'),(1838,'en','LC subject headings for children\'s literature'),(1839,'en','Medical Subject Headings'),(1840,'en','National Agricultural Library subject authority file'),(1841,'en','Source not specified'),(1842,'en','Canadian Subject Headings'),(1843,'en','Rpertoire de vedettes-matire'),(1844,'en','Source specified in subfield $2'),(1845,'en','Undefined'),(1846,'en','Thesaurus'),(1847,'en','Undefined'),(1848,'en','Library of Congress Subject Headings'),(1849,'en','LC subject headings for children\'s literature'),(1850,'en','Medical Subject Headings'),(1851,'en','National Agricultural Library subject authority file'),(1852,'en','Source not specified'),(1853,'en','Canadian Subject Headings'),(1854,'en','Rpertoire de vedettes-matire'),(1855,'en','Source specified in subfield $2'),(1856,'en','Thesaurus'),(1857,'en','Library of Congress Subject Headings'),(1858,'en','LC subject headings for children\'s literature'),(1859,'en','Medical Subject Headings'),(1860,'en','National Agricultural Library subject authority file'),(1861,'en','Source not specified'),(1862,'en','Canadian Subject Headings'),(1863,'en','Rpertoire de vedettes-matire'),(1864,'en','Source specified in subfield $2'),(1865,'en','Undefined'),(1866,'en','Thesaurus'),(1867,'en','Undefined'),(1868,'en','Library of Congress Subject Headings'),(1869,'en','LC subject headings for children\'s literature'),(1870,'en','Medical Subject Headings'),(1871,'en','National Agricultural Library subject authority file'),(1872,'en','Source not specified'),(1873,'en','Canadian Subject Headings'),(1874,'en','Rpertoire de vedettes-matire'),(1875,'en','Source specified in subfield $2'),(1876,'en','Access method'),(1877,'en','Relationship'),(1878,'en','No information provided'),(1879,'en','No information provided'),(1880,'en','Email'),(1881,'en','Resource'),(1882,'en','FTP'),(1883,'en','Version of resource'),(1884,'en','Remote login (Telnet)'),(1885,'en','Related resource'),(1886,'en','Dial-up'),(1887,'en','No display constant generated'),(1888,'en','HTTP'),(1889,'en','Method specified in subfield $2'),(1890,'en','Undefined'),(1891,'en','Undefined'),(1892,'en','Undefined'),(1893,'en','Undefined');
/*!40000 ALTER TABLE marc_indicators_desc ENABLE KEYS */;
UNLOCK TABLES;

SET FOREIGN_KEY_CHECKS = 1;
